,Address,Price,Beds,Website,Posted,Area,Minimum_Beds,Maximum_Beds,Minimum_Cost,Maximum_Cost,Average_Cost
0,"3763 Harbor Estates Ln #1, Champaign, IL 61822",925,2,Zillow,1 hour ago,Champaign,2,2,925,925,925
1,"1725 Robert Dr APT 2, Champaign, IL 61821",1122,2,Zillow,2 hours ago,Champaign,2,2,1122,1122,1122
2,"23 Barney St #65, Bondville, IL 61815",1100,3,Zillow,6 hours ago,Champaign,3,3,1100,1100,1100
3,"1003 N Elm St, Champaign, IL 61820",795,3,Zillow,7 hours ago,Champaign,3,3,795,795,795
4,"202 1/2 Birch St, Champaign, IL 61820",795,2,Zillow,7 hours ago,Champaign,2,2,795,795,795
5,"906 S Locust St #GMPKJKHNK, Champaign, IL 61820",1040,4,Zillow,Updated today,Champaign,4,4,1040,1040,1040
6,"3763 Harbor Estates Ln #1, Champaign, IL 61822",925,2,Zillow,1 hour ago,Champaign,2,2,925,925,925
7,"1725 Robert Dr APT 2, Champaign, IL 61821",1122,2,Zillow,2 hours ago,Champaign,2,2,1122,1122,1122
8,"23 Barney St #65, Bondville, IL 61815",1100,3,Zillow,6 hours ago,Champaign,3,3,1100,1100,1100
9,"1003 N Elm St, Champaign, IL 61820",795,3,Zillow,7 hours ago,Champaign,3,3,795,795,795
10,"202 1/2 Birch St, Champaign, IL 61820",795,2,Zillow,7 hours ago,Champaign,2,2,795,795,795
11,"906 S Locust St #GMPKJKHNK, Champaign, IL 61820",1040,4,Zillow,Updated today,Champaign,4,4,1040,1040,1040
12,"3763 Harbor Estates Ln #1, Champaign, IL 61822",925,2,Zillow,1 hour ago,Champaign,2,2,925,925,925
13,"1725 Robert Dr APT 2, Champaign, IL 61821",1122,2,Zillow,2 hours ago,Champaign,2,2,1122,1122,1122
14,"23 Barney St #65, Bondville, IL 61815",1100,3,Zillow,6 hours ago,Champaign,3,3,1100,1100,1100
15,"1003 N Elm St, Champaign, IL 61820",795,3,Zillow,7 hours ago,Champaign,3,3,795,795,795
16,"202 1/2 Birch St, Champaign, IL 61820",795,2,Zillow,7 hours ago,Champaign,2,2,795,795,795
17,"906 S Locust St #GMPKJKHNK, Champaign, IL 61820",1040,4,Zillow,Updated today,Champaign,4,4,1040,1040,1040
18,"3763 Harbor Estates Ln #1, Champaign, IL 61822",925,2,Zillow,1 hour ago,Champaign,2,2,925,925,925
19,"1725 Robert Dr APT 2, Champaign, IL 61821",1122,2,Zillow,2 hours ago,Champaign,2,2,1122,1122,1122
20,"23 Barney St #65, Bondville, IL 61815",1100,3,Zillow,6 hours ago,Champaign,3,3,1100,1100,1100
21,"1003 N Elm St, Champaign, IL 61820",795,3,Zillow,7 hours ago,Champaign,3,3,795,795,795
22,"202 1/2 Birch St, Champaign, IL 61820",795,2,Zillow,7 hours ago,Champaign,2,2,795,795,795
23,"906 S Locust St #GMPKJKHNK, Champaign, IL 61820",1040,4,Zillow,Updated today,Champaign,4,4,1040,1040,1040
24,"3763 Harbor Estates Ln #1, Champaign, IL 61822",925,2,Zillow,1 hour ago,Champaign,2,2,925,925,925
25,"1725 Robert Dr APT 2, Champaign, IL 61821",1122,2,Zillow,2 hours ago,Champaign,2,2,1122,1122,1122
26,"23 Barney St #65, Bondville, IL 61815",1100,3,Zillow,6 hours ago,Champaign,3,3,1100,1100,1100
27,"1003 N Elm St, Champaign, IL 61820",795,3,Zillow,7 hours ago,Champaign,3,3,795,795,795
28,"202 1/2 Birch St, Champaign, IL 61820",795,2,Zillow,7 hours ago,Champaign,2,2,795,795,795
29,"906 S Locust St #GMPKJKHNK, Champaign, IL 61820",1040,4,Zillow,Updated today,Champaign,4,4,1040,1040,1040
30,"3763 Harbor Estates Ln #1, Champaign, IL 61822",925,2,Zillow,1 hour ago,Champaign,2,2,925,925,925
31,"1725 Robert Dr APT 2, Champaign, IL 61821",1122,2,Zillow,2 hours ago,Champaign,2,2,1122,1122,1122
32,"23 Barney St #65, Bondville, IL 61815",1100,3,Zillow,6 hours ago,Champaign,3,3,1100,1100,1100
33,"1003 N Elm St, Champaign, IL 61820",795,3,Zillow,7 hours ago,Champaign,3,3,795,795,795
34,"202 1/2 Birch St, Champaign, IL 61820",795,2,Zillow,7 hours ago,Champaign,2,2,795,795,795
35,"906 S Locust St #GMPKJKHNK, Champaign, IL 61820",1040,4,Zillow,Updated today,Champaign,4,4,1040,1040,1040
36,"3763 Harbor Estates Ln #1, Champaign, IL 61822",925,2,Zillow,1 hour ago,Champaign,2,2,925,925,925
37,"1725 Robert Dr APT 2, Champaign, IL 61821",1122,2,Zillow,2 hours ago,Champaign,2,2,1122,1122,1122
38,"23 Barney St #65, Bondville, IL 61815",1100,3,Zillow,6 hours ago,Champaign,3,3,1100,1100,1100
39,"1003 N Elm St, Champaign, IL 61820",795,3,Zillow,7 hours ago,Champaign,3,3,795,795,795
40,"202 1/2 Birch St, Champaign, IL 61820",795,2,Zillow,7 hours ago,Champaign,2,2,795,795,795
41,"906 S Locust St #GMPKJKHNK, Champaign, IL 61820",1040,4,Zillow,Updated today,Champaign,4,4,1040,1040,1040
42,"3763 Harbor Estates Ln #1, Champaign, IL 61822",925,2,Zillow,1 hour ago,Champaign,2,2,925,925,925
43,"1725 Robert Dr APT 2, Champaign, IL 61821",1122,2,Zillow,2 hours ago,Champaign,2,2,1122,1122,1122
44,"23 Barney St #65, Bondville, IL 61815",1100,3,Zillow,6 hours ago,Champaign,3,3,1100,1100,1100
45,"1003 N Elm St, Champaign, IL 61820",795,3,Zillow,7 hours ago,Champaign,3,3,795,795,795
46,"202 1/2 Birch St, Champaign, IL 61820",795,2,Zillow,7 hours ago,Champaign,2,2,795,795,795
47,"906 S Locust St #GMPKJKHNK, Champaign, IL 61820",1040,4,Zillow,Updated today,Champaign,4,4,1040,1040,1040
48,"3763 Harbor Estates Ln #1, Champaign, IL 61822",925,2,Zillow,1 hour ago,Champaign,2,2,925,925,925
49,"1725 Robert Dr APT 2, Champaign, IL 61821",1122,2,Zillow,2 hours ago,Champaign,2,2,1122,1122,1122
50,"23 Barney St #65, Bondville, IL 61815",1100,3,Zillow,6 hours ago,Champaign,3,3,1100,1100,1100
51,"1003 N Elm St, Champaign, IL 61820",795,3,Zillow,7 hours ago,Champaign,3,3,795,795,795
52,"202 1/2 Birch St, Champaign, IL 61820",795,2,Zillow,7 hours ago,Champaign,2,2,795,795,795
53,"906 S Locust St #GMPKJKHNK, Champaign, IL 61820",1040,4,Zillow,Updated today,Champaign,4,4,1040,1040,1040
54,"3763 Harbor Estates Ln #1, Champaign, IL 61822",925,2,Zillow,1 hour ago,Champaign,2,2,925,925,925
55,"1725 Robert Dr APT 2, Champaign, IL 61821",1122,2,Zillow,2 hours ago,Champaign,2,2,1122,1122,1122
56,"23 Barney St #65, Bondville, IL 61815",1100,3,Zillow,6 hours ago,Champaign,3,3,1100,1100,1100
57,"1003 N Elm St, Champaign, IL 61820",795,3,Zillow,7 hours ago,Champaign,3,3,795,795,795
58,"202 1/2 Birch St, Champaign, IL 61820",795,2,Zillow,7 hours ago,Champaign,2,2,795,795,795
59,"906 S Locust St #GMPKJKHNK, Champaign, IL 61820",1040,4,Zillow,Updated today,Champaign,4,4,1040,1040,1040
60,"3763 Harbor Estates Ln #1, Champaign, IL 61822",925,2,Zillow,1 hour ago,Champaign,2,2,925,925,925
61,"1725 Robert Dr APT 2, Champaign, IL 61821",1122,2,Zillow,2 hours ago,Champaign,2,2,1122,1122,1122
62,"23 Barney St #65, Bondville, IL 61815",1100,3,Zillow,6 hours ago,Champaign,3,3,1100,1100,1100
63,"1003 N Elm St, Champaign, IL 61820",795,3,Zillow,7 hours ago,Champaign,3,3,795,795,795
64,"202 1/2 Birch St, Champaign, IL 61820",795,2,Zillow,7 hours ago,Champaign,2,2,795,795,795
65,"906 S Locust St #GMPKJKHNK, Champaign, IL 61820",1040,4,Zillow,Updated today,Champaign,4,4,1040,1040,1040
66,"3763 Harbor Estates Ln #1, Champaign, IL 61822",925,2,Zillow,1 hour ago,Champaign,2,2,925,925,925
67,"1725 Robert Dr APT 2, Champaign, IL 61821",1122,2,Zillow,2 hours ago,Champaign,2,2,1122,1122,1122
68,"23 Barney St #65, Bondville, IL 61815",1100,3,Zillow,6 hours ago,Champaign,3,3,1100,1100,1100
69,"1003 N Elm St, Champaign, IL 61820",795,3,Zillow,7 hours ago,Champaign,3,3,795,795,795
70,"202 1/2 Birch St, Champaign, IL 61820",795,2,Zillow,7 hours ago,Champaign,2,2,795,795,795
71,"906 S Locust St #GMPKJKHNK, Champaign, IL 61820",1040,4,Zillow,Updated today,Champaign,4,4,1040,1040,1040
72,"3763 Harbor Estates Ln #1, Champaign, IL 61822",925,2,Zillow,1 hour ago,Champaign,2,2,925,925,925
73,"1725 Robert Dr APT 2, Champaign, IL 61821",1122,2,Zillow,2 hours ago,Champaign,2,2,1122,1122,1122
74,"23 Barney St #65, Bondville, IL 61815",1100,3,Zillow,6 hours ago,Champaign,3,3,1100,1100,1100
75,"1003 N Elm St, Champaign, IL 61820",795,3,Zillow,7 hours ago,Champaign,3,3,795,795,795
76,"202 1/2 Birch St, Champaign, IL 61820",795,2,Zillow,7 hours ago,Champaign,2,2,795,795,795
77,"906 S Locust St #GMPKJKHNK, Champaign, IL 61820",1040,4,Zillow,Updated today,Champaign,4,4,1040,1040,1040
78,"3763 Harbor Estates Ln #1, Champaign, IL 61822",925,2,Zillow,1 hour ago,Champaign,2,2,925,925,925
79,"1725 Robert Dr APT 2, Champaign, IL 61821",1122,2,Zillow,2 hours ago,Champaign,2,2,1122,1122,1122
80,"23 Barney St #65, Bondville, IL 61815",1100,3,Zillow,6 hours ago,Champaign,3,3,1100,1100,1100
81,"1003 N Elm St, Champaign, IL 61820",795,3,Zillow,7 hours ago,Champaign,3,3,795,795,795
82,"202 1/2 Birch St, Champaign, IL 61820",795,2,Zillow,7 hours ago,Champaign,2,2,795,795,795
83,"906 S Locust St #GMPKJKHNK, Champaign, IL 61820",1040,4,Zillow,Updated today,Champaign,4,4,1040,1040,1040
84,"3763 Harbor Estates Ln #1, Champaign, IL 61822",925,2,Zillow,1 hour ago,Champaign,2,2,925,925,925
85,"1725 Robert Dr APT 2, Champaign, IL 61821",1122,2,Zillow,2 hours ago,Champaign,2,2,1122,1122,1122
86,"23 Barney St #65, Bondville, IL 61815",1100,3,Zillow,6 hours ago,Champaign,3,3,1100,1100,1100
87,"1003 N Elm St, Champaign, IL 61820",795,3,Zillow,7 hours ago,Champaign,3,3,795,795,795
88,"202 1/2 Birch St, Champaign, IL 61820",795,2,Zillow,7 hours ago,Champaign,2,2,795,795,795
89,"906 S Locust St #GMPKJKHNK, Champaign, IL 61820",1040,4,Zillow,Updated today,Champaign,4,4,1040,1040,1040
90,"3763 Harbor Estates Ln #1, Champaign, IL 61822",925,2,Zillow,1 hour ago,Champaign,2,2,925,925,925
91,"1725 Robert Dr APT 2, Champaign, IL 61821",1122,2,Zillow,2 hours ago,Champaign,2,2,1122,1122,1122
92,"23 Barney St #65, Bondville, IL 61815",1100,3,Zillow,6 hours ago,Champaign,3,3,1100,1100,1100
93,"1003 N Elm St, Champaign, IL 61820",795,3,Zillow,7 hours ago,Champaign,3,3,795,795,795
94,"202 1/2 Birch St, Champaign, IL 61820",795,2,Zillow,7 hours ago,Champaign,2,2,795,795,795
95,"906 S Locust St #GMPKJKHNK, Champaign, IL 61820",1040,4,Zillow,Updated today,Champaign,4,4,1040,1040,1040
96,"3763 Harbor Estates Ln #1, Champaign, IL 61822",925,2,Zillow,1 hour ago,Champaign,2,2,925,925,925
97,"1725 Robert Dr APT 2, Champaign, IL 61821",1122,2,Zillow,2 hours ago,Champaign,2,2,1122,1122,1122
98,"23 Barney St #65, Bondville, IL 61815",1100,3,Zillow,6 hours ago,Champaign,3,3,1100,1100,1100
99,"1003 N Elm St, Champaign, IL 61820",795,3,Zillow,7 hours ago,Champaign,3,3,795,795,795
100,"202 1/2 Birch St, Champaign, IL 61820",795,2,Zillow,7 hours ago,Champaign,2,2,795,795,795
101,"906 S Locust St #GMPKJKHNK, Champaign, IL 61820",1040,4,Zillow,Updated today,Champaign,4,4,1040,1040,1040
102,"3763 Harbor Estates Ln #1, Champaign, IL 61822",925,2,Zillow,1 hour ago,Champaign,2,2,925,925,925
103,"1725 Robert Dr APT 2, Champaign, IL 61821",1122,2,Zillow,2 hours ago,Champaign,2,2,1122,1122,1122
104,"23 Barney St #65, Bondville, IL 61815",1100,3,Zillow,6 hours ago,Champaign,3,3,1100,1100,1100
105,"1003 N Elm St, Champaign, IL 61820",795,3,Zillow,7 hours ago,Champaign,3,3,795,795,795
106,"202 1/2 Birch St, Champaign, IL 61820",795,2,Zillow,7 hours ago,Champaign,2,2,795,795,795
107,"906 S Locust St #GMPKJKHNK, Champaign, IL 61820",1040,4,Zillow,Updated today,Champaign,4,4,1040,1040,1040
108,"3763 Harbor Estates Ln #1, Champaign, IL 61822",925,2,Zillow,1 hour ago,Champaign,2,2,925,925,925
109,"1725 Robert Dr APT 2, Champaign, IL 61821",1122,2,Zillow,2 hours ago,Champaign,2,2,1122,1122,1122
110,"23 Barney St #65, Bondville, IL 61815",1100,3,Zillow,6 hours ago,Champaign,3,3,1100,1100,1100
111,"1003 N Elm St, Champaign, IL 61820",795,3,Zillow,7 hours ago,Champaign,3,3,795,795,795
112,"202 1/2 Birch St, Champaign, IL 61820",795,2,Zillow,7 hours ago,Champaign,2,2,795,795,795
113,"906 S Locust St #GMPKJKHNK, Champaign, IL 61820",1040,4,Zillow,Updated today,Champaign,4,4,1040,1040,1040
114,"3763 Harbor Estates Ln #1, Champaign, IL 61822",925,2,Zillow,1 hour ago,Champaign,2,2,925,925,925
115,"1725 Robert Dr APT 2, Champaign, IL 61821",1122,2,Zillow,2 hours ago,Champaign,2,2,1122,1122,1122
116,"23 Barney St #65, Bondville, IL 61815",1100,3,Zillow,6 hours ago,Champaign,3,3,1100,1100,1100
117,"1003 N Elm St, Champaign, IL 61820",795,3,Zillow,7 hours ago,Champaign,3,3,795,795,795
118,"202 1/2 Birch St, Champaign, IL 61820",795,2,Zillow,7 hours ago,Champaign,2,2,795,795,795
119,"906 S Locust St #GMPKJKHNK, Champaign, IL 61820",1040,4,Zillow,Updated today,Champaign,4,4,1040,1040,1040
120,"3763 Harbor Estates Ln #1, Champaign, IL 61822",925,2,Zillow,1 hour ago,Champaign,2,2,925,925,925
121,"1725 Robert Dr APT 2, Champaign, IL 61821",1122,2,Zillow,2 hours ago,Champaign,2,2,1122,1122,1122
122,"23 Barney St #65, Bondville, IL 61815",1100,3,Zillow,6 hours ago,Champaign,3,3,1100,1100,1100
123,"1003 N Elm St, Champaign, IL 61820",795,3,Zillow,7 hours ago,Champaign,3,3,795,795,795
124,"202 1/2 Birch St, Champaign, IL 61820",795,2,Zillow,7 hours ago,Champaign,2,2,795,795,795
125,"906 S Locust St #GMPKJKHNK, Champaign, IL 61820",1040,4,Zillow,Updated today,Champaign,4,4,1040,1040,1040
126,"3763 Harbor Estates Ln #1, Champaign, IL 61822",925,2,Zillow,1 hour ago,Champaign,2,2,925,925,925
127,"1725 Robert Dr APT 2, Champaign, IL 61821",1122,2,Zillow,2 hours ago,Champaign,2,2,1122,1122,1122
128,"23 Barney St #65, Bondville, IL 61815",1100,3,Zillow,6 hours ago,Champaign,3,3,1100,1100,1100
129,"1003 N Elm St, Champaign, IL 61820",795,3,Zillow,7 hours ago,Champaign,3,3,795,795,795
130,"202 1/2 Birch St, Champaign, IL 61820",795,2,Zillow,7 hours ago,Champaign,2,2,795,795,795
131,"906 S Locust St #GMPKJKHNK, Champaign, IL 61820",1040,4,Zillow,Updated today,Champaign,4,4,1040,1040,1040
132,"3763 Harbor Estates Ln #1, Champaign, IL 61822",925,2,Zillow,1 hour ago,Champaign,2,2,925,925,925
133,"1725 Robert Dr APT 2, Champaign, IL 61821",1122,2,Zillow,2 hours ago,Champaign,2,2,1122,1122,1122
134,"23 Barney St #65, Bondville, IL 61815",1100,3,Zillow,6 hours ago,Champaign,3,3,1100,1100,1100
135,"1003 N Elm St, Champaign, IL 61820",795,3,Zillow,7 hours ago,Champaign,3,3,795,795,795
136,"202 1/2 Birch St, Champaign, IL 61820",795,2,Zillow,7 hours ago,Champaign,2,2,795,795,795
137,"906 S Locust St #GMPKJKHNK, Champaign, IL 61820",1040,4,Zillow,Updated today,Champaign,4,4,1040,1040,1040
138,"3763 Harbor Estates Ln #1, Champaign, IL 61822",925,2,Zillow,1 hour ago,Champaign,2,2,925,925,925
139,"1725 Robert Dr APT 2, Champaign, IL 61821",1122,2,Zillow,2 hours ago,Champaign,2,2,1122,1122,1122
140,"23 Barney St #65, Bondville, IL 61815",1100,3,Zillow,6 hours ago,Champaign,3,3,1100,1100,1100
141,"1003 N Elm St, Champaign, IL 61820",795,3,Zillow,7 hours ago,Champaign,3,3,795,795,795
142,"202 1/2 Birch St, Champaign, IL 61820",795,2,Zillow,7 hours ago,Champaign,2,2,795,795,795
143,"906 S Locust St #GMPKJKHNK, Champaign, IL 61820",1040,4,Zillow,Updated today,Champaign,4,4,1040,1040,1040
144,"3763 Harbor Estates Ln #1, Champaign, IL 61822",925,2,Zillow,1 hour ago,Champaign,2,2,925,925,925
145,"1725 Robert Dr APT 2, Champaign, IL 61821",1122,2,Zillow,2 hours ago,Champaign,2,2,1122,1122,1122
146,"23 Barney St #65, Bondville, IL 61815",1100,3,Zillow,6 hours ago,Champaign,3,3,1100,1100,1100
147,"1003 N Elm St, Champaign, IL 61820",795,3,Zillow,7 hours ago,Champaign,3,3,795,795,795
148,"202 1/2 Birch St, Champaign, IL 61820",795,2,Zillow,7 hours ago,Champaign,2,2,795,795,795
149,"906 S Locust St #GMPKJKHNK, Champaign, IL 61820",1040,4,Zillow,Updated today,Champaign,4,4,1040,1040,1040
150,"3763 Harbor Estates Ln #1, Champaign, IL 61822",925,2,Zillow,1 hour ago,Champaign,2,2,925,925,925
151,"1725 Robert Dr APT 2, Champaign, IL 61821",1122,2,Zillow,2 hours ago,Champaign,2,2,1122,1122,1122
152,"23 Barney St #65, Bondville, IL 61815",1100,3,Zillow,6 hours ago,Champaign,3,3,1100,1100,1100
153,"1003 N Elm St, Champaign, IL 61820",795,3,Zillow,7 hours ago,Champaign,3,3,795,795,795
154,"202 1/2 Birch St, Champaign, IL 61820",795,2,Zillow,7 hours ago,Champaign,2,2,795,795,795
155,"906 S Locust St #GMPKJKHNK, Champaign, IL 61820",1040,4,Zillow,Updated today,Champaign,4,4,1040,1040,1040
156,"3763 Harbor Estates Ln #1, Champaign, IL 61822",925,2,Zillow,1 hour ago,Champaign,2,2,925,925,925
157,"1725 Robert Dr APT 2, Champaign, IL 61821",1122,2,Zillow,2 hours ago,Champaign,2,2,1122,1122,1122
158,"23 Barney St #65, Bondville, IL 61815",1100,3,Zillow,6 hours ago,Champaign,3,3,1100,1100,1100
159,"1003 N Elm St, Champaign, IL 61820",795,3,Zillow,7 hours ago,Champaign,3,3,795,795,795
160,"202 1/2 Birch St, Champaign, IL 61820",795,2,Zillow,7 hours ago,Champaign,2,2,795,795,795
161,"906 S Locust St #GMPKJKHNK, Champaign, IL 61820",1040,4,Zillow,Updated today,Champaign,4,4,1040,1040,1040
162,"3763 Harbor Estates Ln #1, Champaign, IL 61822",925,2,Zillow,1 hour ago,Champaign,2,2,925,925,925
163,"1725 Robert Dr APT 2, Champaign, IL 61821",1122,2,Zillow,2 hours ago,Champaign,2,2,1122,1122,1122
164,"23 Barney St #65, Bondville, IL 61815",1100,3,Zillow,6 hours ago,Champaign,3,3,1100,1100,1100
165,"1003 N Elm St, Champaign, IL 61820",795,3,Zillow,7 hours ago,Champaign,3,3,795,795,795
166,"202 1/2 Birch St, Champaign, IL 61820",795,2,Zillow,7 hours ago,Champaign,2,2,795,795,795
167,"906 S Locust St #GMPKJKHNK, Champaign, IL 61820",1040,4,Zillow,Updated today,Champaign,4,4,1040,1040,1040
168,"3763 Harbor Estates Ln #1, Champaign, IL 61822",925,2,Zillow,1 hour ago,Champaign,2,2,925,925,925
169,"1725 Robert Dr APT 2, Champaign, IL 61821",1122,2,Zillow,2 hours ago,Champaign,2,2,1122,1122,1122
170,"23 Barney St #65, Bondville, IL 61815",1100,3,Zillow,6 hours ago,Champaign,3,3,1100,1100,1100
171,"1003 N Elm St, Champaign, IL 61820",795,3,Zillow,7 hours ago,Champaign,3,3,795,795,795
172,"202 1/2 Birch St, Champaign, IL 61820",795,2,Zillow,7 hours ago,Champaign,2,2,795,795,795
173,"906 S Locust St #GMPKJKHNK, Champaign, IL 61820",1040,4,Zillow,Updated today,Champaign,4,4,1040,1040,1040
174,"3763 Harbor Estates Ln #1, Champaign, IL 61822",925,2,Zillow,1 hour ago,Champaign,2,2,925,925,925
175,"1725 Robert Dr APT 2, Champaign, IL 61821",1122,2,Zillow,2 hours ago,Champaign,2,2,1122,1122,1122
176,"23 Barney St #65, Bondville, IL 61815",1100,3,Zillow,6 hours ago,Champaign,3,3,1100,1100,1100
177,"1003 N Elm St, Champaign, IL 61820",795,3,Zillow,7 hours ago,Champaign,3,3,795,795,795
178,"202 1/2 Birch St, Champaign, IL 61820",795,2,Zillow,7 hours ago,Champaign,2,2,795,795,795
179,"906 S Locust St #GMPKJKHNK, Champaign, IL 61820",1040,4,Zillow,Updated today,Champaign,4,4,1040,1040,1040
180,"3763 Harbor Estates Ln #1, Champaign, IL 61822",925,2,Zillow,1 hour ago,Champaign,2,2,925,925,925
181,"1725 Robert Dr APT 2, Champaign, IL 61821",1122,2,Zillow,2 hours ago,Champaign,2,2,1122,1122,1122
182,"23 Barney St #65, Bondville, IL 61815",1100,3,Zillow,6 hours ago,Champaign,3,3,1100,1100,1100
183,"1003 N Elm St, Champaign, IL 61820",795,3,Zillow,7 hours ago,Champaign,3,3,795,795,795
184,"202 1/2 Birch St, Champaign, IL 61820",795,2,Zillow,7 hours ago,Champaign,2,2,795,795,795
185,"906 S Locust St #GMPKJKHNK, Champaign, IL 61820",1040,4,Zillow,Updated today,Champaign,4,4,1040,1040,1040
186,"3763 Harbor Estates Ln #1, Champaign, IL 61822",925,2,Zillow,1 hour ago,Champaign,2,2,925,925,925
187,"1725 Robert Dr APT 2, Champaign, IL 61821",1122,2,Zillow,2 hours ago,Champaign,2,2,1122,1122,1122
188,"23 Barney St #65, Bondville, IL 61815",1100,3,Zillow,6 hours ago,Champaign,3,3,1100,1100,1100
189,"1003 N Elm St, Champaign, IL 61820",795,3,Zillow,7 hours ago,Champaign,3,3,795,795,795
190,"202 1/2 Birch St, Champaign, IL 61820",795,2,Zillow,7 hours ago,Champaign,2,2,795,795,795
191,"906 S Locust St #GMPKJKHNK, Champaign, IL 61820",1040,4,Zillow,Updated today,Champaign,4,4,1040,1040,1040
192,"3763 Harbor Estates Ln #1, Champaign, IL 61822",925,2,Zillow,1 hour ago,Champaign,2,2,925,925,925
193,"1725 Robert Dr APT 2, Champaign, IL 61821",1122,2,Zillow,2 hours ago,Champaign,2,2,1122,1122,1122
194,"23 Barney St #65, Bondville, IL 61815",1100,3,Zillow,6 hours ago,Champaign,3,3,1100,1100,1100
195,"1003 N Elm St, Champaign, IL 61820",795,3,Zillow,7 hours ago,Champaign,3,3,795,795,795
196,"202 1/2 Birch St, Champaign, IL 61820",795,2,Zillow,7 hours ago,Champaign,2,2,795,795,795
197,"906 S Locust St #GMPKJKHNK, Champaign, IL 61820",1040,4,Zillow,Updated today,Champaign,4,4,1040,1040,1040
198,"3763 Harbor Estates Ln #1, Champaign, IL 61822",925,2,Zillow,1 hour ago,Champaign,2,2,925,925,925
199,"1725 Robert Dr APT 2, Champaign, IL 61821",1122,2,Zillow,2 hours ago,Champaign,2,2,1122,1122,1122
200,"23 Barney St #65, Bondville, IL 61815",1100,3,Zillow,6 hours ago,Champaign,3,3,1100,1100,1100
201,"1003 N Elm St, Champaign, IL 61820",795,3,Zillow,7 hours ago,Champaign,3,3,795,795,795
202,"202 1/2 Birch St, Champaign, IL 61820",795,2,Zillow,7 hours ago,Champaign,2,2,795,795,795
203,"906 S Locust St #GMPKJKHNK, Champaign, IL 61820",1040,4,Zillow,Updated today,Champaign,4,4,1040,1040,1040
204,"3763 Harbor Estates Ln #1, Champaign, IL 61822",925,2,Zillow,1 hour ago,Champaign,2,2,925,925,925
205,"1725 Robert Dr APT 2, Champaign, IL 61821",1122,2,Zillow,2 hours ago,Champaign,2,2,1122,1122,1122
206,"23 Barney St #65, Bondville, IL 61815",1100,3,Zillow,6 hours ago,Champaign,3,3,1100,1100,1100
207,"1003 N Elm St, Champaign, IL 61820",795,3,Zillow,7 hours ago,Champaign,3,3,795,795,795
208,"202 1/2 Birch St, Champaign, IL 61820",795,2,Zillow,7 hours ago,Champaign,2,2,795,795,795
209,"906 S Locust St #GMPKJKHNK, Champaign, IL 61820",1040,4,Zillow,Updated today,Champaign,4,4,1040,1040,1040
210,"3763 Harbor Estates Ln #1, Champaign, IL 61822",925,2,Zillow,1 hour ago,Champaign,2,2,925,925,925
211,"1725 Robert Dr APT 2, Champaign, IL 61821",1122,2,Zillow,2 hours ago,Champaign,2,2,1122,1122,1122
212,"23 Barney St #65, Bondville, IL 61815",1100,3,Zillow,6 hours ago,Champaign,3,3,1100,1100,1100
213,"1003 N Elm St, Champaign, IL 61820",795,3,Zillow,7 hours ago,Champaign,3,3,795,795,795
214,"202 1/2 Birch St, Champaign, IL 61820",795,2,Zillow,7 hours ago,Champaign,2,2,795,795,795
215,"906 S Locust St #GMPKJKHNK, Champaign, IL 61820",1040,4,Zillow,Updated today,Champaign,4,4,1040,1040,1040
216,"3763 Harbor Estates Ln #1, Champaign, IL 61822",925,2,Zillow,1 hour ago,Champaign,2,2,925,925,925
217,"1725 Robert Dr APT 2, Champaign, IL 61821",1122,2,Zillow,2 hours ago,Champaign,2,2,1122,1122,1122
218,"23 Barney St #65, Bondville, IL 61815",1100,3,Zillow,6 hours ago,Champaign,3,3,1100,1100,1100
219,"1003 N Elm St, Champaign, IL 61820",795,3,Zillow,7 hours ago,Champaign,3,3,795,795,795
220,"202 1/2 Birch St, Champaign, IL 61820",795,2,Zillow,7 hours ago,Champaign,2,2,795,795,795
221,"906 S Locust St #GMPKJKHNK, Champaign, IL 61820",1040,4,Zillow,Updated today,Champaign,4,4,1040,1040,1040
222,"3763 Harbor Estates Ln #1, Champaign, IL 61822",925,2,Zillow,1 hour ago,Champaign,2,2,925,925,925
223,"1725 Robert Dr APT 2, Champaign, IL 61821",1122,2,Zillow,2 hours ago,Champaign,2,2,1122,1122,1122
224,"23 Barney St #65, Bondville, IL 61815",1100,3,Zillow,6 hours ago,Champaign,3,3,1100,1100,1100
225,"1003 N Elm St, Champaign, IL 61820",795,3,Zillow,7 hours ago,Champaign,3,3,795,795,795
226,"202 1/2 Birch St, Champaign, IL 61820",795,2,Zillow,7 hours ago,Champaign,2,2,795,795,795
227,"906 S Locust St #GMPKJKHNK, Champaign, IL 61820",1040,4,Zillow,Updated today,Champaign,4,4,1040,1040,1040
228,"3763 Harbor Estates Ln #1, Champaign, IL 61822",925,2,Zillow,1 hour ago,Champaign,2,2,925,925,925
229,"1725 Robert Dr APT 2, Champaign, IL 61821",1122,2,Zillow,2 hours ago,Champaign,2,2,1122,1122,1122
230,"23 Barney St #65, Bondville, IL 61815",1100,3,Zillow,6 hours ago,Champaign,3,3,1100,1100,1100
231,"1003 N Elm St, Champaign, IL 61820",795,3,Zillow,7 hours ago,Champaign,3,3,795,795,795
232,"202 1/2 Birch St, Champaign, IL 61820",795,2,Zillow,7 hours ago,Champaign,2,2,795,795,795
233,"906 S Locust St #GMPKJKHNK, Champaign, IL 61820",1040,4,Zillow,Updated today,Champaign,4,4,1040,1040,1040
234,"3763 Harbor Estates Ln #1, Champaign, IL 61822",925,2,Zillow,1 hour ago,Champaign,2,2,925,925,925
235,"1725 Robert Dr APT 2, Champaign, IL 61821",1122,2,Zillow,2 hours ago,Champaign,2,2,1122,1122,1122
236,"23 Barney St #65, Bondville, IL 61815",1100,3,Zillow,6 hours ago,Champaign,3,3,1100,1100,1100
237,"1003 N Elm St, Champaign, IL 61820",795,3,Zillow,7 hours ago,Champaign,3,3,795,795,795
238,"202 1/2 Birch St, Champaign, IL 61820",795,2,Zillow,7 hours ago,Champaign,2,2,795,795,795
239,"906 S Locust St #GMPKJKHNK, Champaign, IL 61820",1040,4,Zillow,Updated today,Champaign,4,4,1040,1040,1040
240,"3763 Harbor Estates Ln #1, Champaign, IL 61822",925,2,Zillow,1 hour ago,Champaign,2,2,925,925,925
241,"1725 Robert Dr APT 2, Champaign, IL 61821",1122,2,Zillow,2 hours ago,Champaign,2,2,1122,1122,1122
242,"23 Barney St #65, Bondville, IL 61815",1100,3,Zillow,6 hours ago,Champaign,3,3,1100,1100,1100
243,"1003 N Elm St, Champaign, IL 61820",795,3,Zillow,7 hours ago,Champaign,3,3,795,795,795
244,"202 1/2 Birch St, Champaign, IL 61820",795,2,Zillow,7 hours ago,Champaign,2,2,795,795,795
245,"906 S Locust St #GMPKJKHNK, Champaign, IL 61820",1040,4,Zillow,Updated today,Champaign,4,4,1040,1040,1040
246,"3763 Harbor Estates Ln #1, Champaign, IL 61822",925,2,Zillow,1 hour ago,Champaign,2,2,925,925,925
247,"1725 Robert Dr APT 2, Champaign, IL 61821",1122,2,Zillow,2 hours ago,Champaign,2,2,1122,1122,1122
248,"23 Barney St #65, Bondville, IL 61815",1100,3,Zillow,6 hours ago,Champaign,3,3,1100,1100,1100
249,"1003 N Elm St, Champaign, IL 61820",795,3,Zillow,7 hours ago,Champaign,3,3,795,795,795
250,"202 1/2 Birch St, Champaign, IL 61820",795,2,Zillow,7 hours ago,Champaign,2,2,795,795,795
251,"906 S Locust St #GMPKJKHNK, Champaign, IL 61820",1040,4,Zillow,Updated today,Champaign,4,4,1040,1040,1040
252,"3763 Harbor Estates Ln #1, Champaign, IL 61822",925,2,Zillow,1 hour ago,Champaign,2,2,925,925,925
253,"1725 Robert Dr APT 2, Champaign, IL 61821",1122,2,Zillow,2 hours ago,Champaign,2,2,1122,1122,1122
254,"23 Barney St #65, Bondville, IL 61815",1100,3,Zillow,6 hours ago,Champaign,3,3,1100,1100,1100
255,"1003 N Elm St, Champaign, IL 61820",795,3,Zillow,7 hours ago,Champaign,3,3,795,795,795
256,"202 1/2 Birch St, Champaign, IL 61820",795,2,Zillow,7 hours ago,Champaign,2,2,795,795,795
257,"906 S Locust St #GMPKJKHNK, Champaign, IL 61820",1040,4,Zillow,Updated today,Champaign,4,4,1040,1040,1040
258,"3763 Harbor Estates Ln #1, Champaign, IL 61822",925,2,Zillow,1 hour ago,Champaign,2,2,925,925,925
259,"1725 Robert Dr APT 2, Champaign, IL 61821",1122,2,Zillow,2 hours ago,Champaign,2,2,1122,1122,1122
260,"23 Barney St #65, Bondville, IL 61815",1100,3,Zillow,6 hours ago,Champaign,3,3,1100,1100,1100
261,"1003 N Elm St, Champaign, IL 61820",795,3,Zillow,7 hours ago,Champaign,3,3,795,795,795
262,"202 1/2 Birch St, Champaign, IL 61820",795,2,Zillow,7 hours ago,Champaign,2,2,795,795,795
263,"906 S Locust St #GMPKJKHNK, Champaign, IL 61820",1040,4,Zillow,Updated today,Champaign,4,4,1040,1040,1040
264,"3763 Harbor Estates Ln #1, Champaign, IL 61822",925,2,Zillow,1 hour ago,Champaign,2,2,925,925,925
265,"1725 Robert Dr APT 2, Champaign, IL 61821",1122,2,Zillow,2 hours ago,Champaign,2,2,1122,1122,1122
266,"23 Barney St #65, Bondville, IL 61815",1100,3,Zillow,6 hours ago,Champaign,3,3,1100,1100,1100
267,"1003 N Elm St, Champaign, IL 61820",795,3,Zillow,7 hours ago,Champaign,3,3,795,795,795
268,"202 1/2 Birch St, Champaign, IL 61820",795,2,Zillow,7 hours ago,Champaign,2,2,795,795,795
269,"906 S Locust St #GMPKJKHNK, Champaign, IL 61820",1040,4,Zillow,Updated today,Champaign,4,4,1040,1040,1040
270,"3763 Harbor Estates Ln #1, Champaign, IL 61822",925,2,Zillow,1 hour ago,Champaign,2,2,925,925,925
271,"1725 Robert Dr APT 2, Champaign, IL 61821",1122,2,Zillow,2 hours ago,Champaign,2,2,1122,1122,1122
272,"23 Barney St #65, Bondville, IL 61815",1100,3,Zillow,6 hours ago,Champaign,3,3,1100,1100,1100
273,"1003 N Elm St, Champaign, IL 61820",795,3,Zillow,7 hours ago,Champaign,3,3,795,795,795
274,"202 1/2 Birch St, Champaign, IL 61820",795,2,Zillow,7 hours ago,Champaign,2,2,795,795,795
275,"906 S Locust St #GMPKJKHNK, Champaign, IL 61820",1040,4,Zillow,Updated today,Champaign,4,4,1040,1040,1040
276,"3763 Harbor Estates Ln #1, Champaign, IL 61822",925,2,Zillow,1 hour ago,Champaign,2,2,925,925,925
277,"1725 Robert Dr APT 2, Champaign, IL 61821",1122,2,Zillow,2 hours ago,Champaign,2,2,1122,1122,1122
278,"23 Barney St #65, Bondville, IL 61815",1100,3,Zillow,6 hours ago,Champaign,3,3,1100,1100,1100
279,"1003 N Elm St, Champaign, IL 61820",795,3,Zillow,7 hours ago,Champaign,3,3,795,795,795
280,"202 1/2 Birch St, Champaign, IL 61820",795,2,Zillow,7 hours ago,Champaign,2,2,795,795,795
281,"906 S Locust St #GMPKJKHNK, Champaign, IL 61820",1040,4,Zillow,Updated today,Champaign,4,4,1040,1040,1040
282,"3763 Harbor Estates Ln #1, Champaign, IL 61822",925,2,Zillow,1 hour ago,Champaign,2,2,925,925,925
283,"1725 Robert Dr APT 2, Champaign, IL 61821",1122,2,Zillow,2 hours ago,Champaign,2,2,1122,1122,1122
284,"23 Barney St #65, Bondville, IL 61815",1100,3,Zillow,6 hours ago,Champaign,3,3,1100,1100,1100
285,"1003 N Elm St, Champaign, IL 61820",795,3,Zillow,7 hours ago,Champaign,3,3,795,795,795
286,"202 1/2 Birch St, Champaign, IL 61820",795,2,Zillow,7 hours ago,Champaign,2,2,795,795,795
287,"906 S Locust St #GMPKJKHNK, Champaign, IL 61820",1040,4,Zillow,Updated today,Champaign,4,4,1040,1040,1040
288,"3763 Harbor Estates Ln #1, Champaign, IL 61822",925,2,Zillow,1 hour ago,Champaign,2,2,925,925,925
289,"1725 Robert Dr APT 2, Champaign, IL 61821",1122,2,Zillow,2 hours ago,Champaign,2,2,1122,1122,1122
290,"23 Barney St #65, Bondville, IL 61815",1100,3,Zillow,6 hours ago,Champaign,3,3,1100,1100,1100
291,"1003 N Elm St, Champaign, IL 61820",795,3,Zillow,7 hours ago,Champaign,3,3,795,795,795
292,"202 1/2 Birch St, Champaign, IL 61820",795,2,Zillow,7 hours ago,Champaign,2,2,795,795,795
293,"906 S Locust St #GMPKJKHNK, Champaign, IL 61820",1040,4,Zillow,Updated today,Champaign,4,4,1040,1040,1040
294,Windsor West Apartments2502 Fields South Dr Champaign IL 61822,1040 - 1495,1-3,Apartments.com,New,Champaign,1,3,1040,1495,1267.5
295,Student Housing - West Quad29 E Green St Champaign IL 61820,724 - 1619,1-4,Apartments.com,7 hours Ago,Champaign,1,4,724,1619,1171.5
296,The Legends4422 Nicklaus Dr Champaign IL 61822,980 - 1515,1-3,Apartments.com,New,Champaign,1,3,980,1515,1247.5
297,1107 S 2nd St1107 S 2nd St Champaign IL 61820,2380,4,Apartments.com,1 week Ago,Champaign,4,4,2380,2380,2380
298,Gramercy Park Apartments2106 W White St Champaign IL 61821,585 - 665,1-2,Apartments.com,2 weeks Ago,Champaign,1,2,585,665,625
299,Town and Country1032 E Kerr Ave Urbana IL 61801,550 - 981,1-2,Apartments.com,New,Urbana,1,2,550,981,765.5
300,Skyline Tower519 E Green St Champaign IL 61820,1850 - 2775,2-3,Apartments.com,11 hours Ago,Champaign,2,3,1850,2775,2312.5
301,Gentry Square Apartments1712 Gentry Square Ln Champaign IL 61821,900 - 1515,1-2,Apartments.com,5 hours Ago,Champaign,1,2,900,1515,1207.5
302,Westgate Apartments LLC1600 W Bradley Ave Champaign IL 61821,590 - 866,1-2,Apartments.com,New,Champaign,1,2,590,866,728
303,Student Housing - HERE Champaign308 E Green St Champaign IL 61820,749 - 1319,2-4,Apartments.com,7 hours Ago,Champaign,2,4,749,1319,1034
304,Latitude608 E University Ave Champaign IL 61820,725 - 2499,1-4,Apartments.com,7 hours Ago,Champaign,1,4,725,2499,1612
305,520 Neil520 N Neil St Champaign IL 61820,1595,1-2,Apartments.com,6 hours Ago,Champaign,1,2,1595,1595,1595
306,Hunters Pond Apartment Homes2717 Hunters Pond Run Champaign IL 61820,863 - 1390,1-2,Apartments.com,New,Champaign,1,2,863,1390,1126.5
307,Watersedge936 Waterview Way Champaign IL 61822,895 - 1285,1-3,Apartments.com,6 hours Ago,Champaign,1,3,895,1285,1090
308,First Column Student Living512 E Green St Champaign IL 61820,709 - 925,2-4,Apartments.com,1 day Ago,Champaign,2,4,709,925,817
309,Baytowne Apartments LLC1000 Baytowne Dr Champaign IL 61822,865 - 1780,1-2,Apartments.com,New,Champaign,1,2,865,1780,1322.5
310,Lancaster Apartments112 E Chalmers St Champaign IL 61820,710 - 770,3-4,Apartments.com,1 day Ago,Champaign,3,4,710,770,740
311,Fields South3301 Fields South Dr Champaign IL 61822,1150 - 1950,1-3,Apartments.com,1 day Ago,Champaign,1,3,1150,1950,1550
312,Maywood Apartments51 E John St Champaign IL 61820,675 - 795,2-4,Apartments.com,1 day Ago,Champaign,2,4,675,795,735
313,Seven07707 S 4th St Champaign IL 61820,799 - 1670,-4,Apartments.com,5 day Ago,Champaign,,4,799,1670,1234.5
314,Colonial Apartments1101 S Mattis Ave Champaign IL 61821,510 - 900,1-3,Apartments.com,2 weeks Ago,Champaign,1,3,510,900,705
315,Place at 117117 Sterling Ct Savoy IL 61874,340 - 560,2-4,Apartments.com,7 hours Ago,Champaign,2,4,340,560,450
316,Capstone Quarters1901 N Lincoln Ave Urbana IL 61801,475 - 625,2-4,Apartments.com,1 day Ago,Urbana,2,4,475,625,550
317,Amber Pointe2002 E Amber Ln Urbana IL 61802,870 - 1015,1-2,Apartments.com,4 day Ago,Urbana,1,2,870,1015,942.5
318,Michigan East - Campus Property Management404 E Michigan Ave Urbana IL 61801,550 - 824,1-3,Apartments.com,1 week Ago,Urbana,1,3,550,824,687
319,Windsor West Apartments2502 Fields South Dr Champaign IL 61822,1040 - 1495,1-3,Apartments.com,New,Champaign,1,3,1040,1495,1267.5
320,Student Housing - West Quad29 E Green St Champaign IL 61820,724 - 1619,1-4,Apartments.com,7 hours Ago,Champaign,1,4,724,1619,1171.5
321,The Legends4422 Nicklaus Dr Champaign IL 61822,980 - 1515,1-3,Apartments.com,New,Champaign,1,3,980,1515,1247.5
322,1107 S 2nd St1107 S 2nd St Champaign IL 61820,2380,4,Apartments.com,1 week Ago,Champaign,4,4,2380,2380,2380
323,Gramercy Park Apartments2106 W White St Champaign IL 61821,585 - 665,1-2,Apartments.com,2 weeks Ago,Champaign,1,2,585,665,625
324,Town and Country1032 E Kerr Ave Urbana IL 61801,550 - 981,1-2,Apartments.com,New,Urbana,1,2,550,981,765.5
325,Skyline Tower519 E Green St Champaign IL 61820,1850 - 2775,2-3,Apartments.com,11 hours Ago,Champaign,2,3,1850,2775,2312.5
326,Gentry Square Apartments1712 Gentry Square Ln Champaign IL 61821,900 - 1515,1-2,Apartments.com,5 hours Ago,Champaign,1,2,900,1515,1207.5
327,Westgate Apartments LLC1600 W Bradley Ave Champaign IL 61821,590 - 866,1-2,Apartments.com,New,Champaign,1,2,590,866,728
328,Student Housing - HERE Champaign308 E Green St Champaign IL 61820,749 - 1319,2-4,Apartments.com,7 hours Ago,Champaign,2,4,749,1319,1034
329,Latitude608 E University Ave Champaign IL 61820,725 - 2499,1-4,Apartments.com,7 hours Ago,Champaign,1,4,725,2499,1612
330,520 Neil520 N Neil St Champaign IL 61820,1595,1-2,Apartments.com,6 hours Ago,Champaign,1,2,1595,1595,1595
331,Hunters Pond Apartment Homes2717 Hunters Pond Run Champaign IL 61820,863 - 1390,1-2,Apartments.com,New,Champaign,1,2,863,1390,1126.5
332,Watersedge936 Waterview Way Champaign IL 61822,895 - 1285,1-3,Apartments.com,6 hours Ago,Champaign,1,3,895,1285,1090
333,First Column Student Living512 E Green St Champaign IL 61820,709 - 925,2-4,Apartments.com,1 day Ago,Champaign,2,4,709,925,817
334,Baytowne Apartments LLC1000 Baytowne Dr Champaign IL 61822,865 - 1780,1-2,Apartments.com,New,Champaign,1,2,865,1780,1322.5
335,Lancaster Apartments112 E Chalmers St Champaign IL 61820,710 - 770,3-4,Apartments.com,1 day Ago,Champaign,3,4,710,770,740
336,Fields South3301 Fields South Dr Champaign IL 61822,1150 - 1950,1-3,Apartments.com,1 day Ago,Champaign,1,3,1150,1950,1550
337,Maywood Apartments51 E John St Champaign IL 61820,675 - 795,2-4,Apartments.com,1 day Ago,Champaign,2,4,675,795,735
338,Seven07707 S 4th St Champaign IL 61820,799 - 1670,-4,Apartments.com,5 day Ago,Champaign,,4,799,1670,1234.5
339,Colonial Apartments1101 S Mattis Ave Champaign IL 61821,510 - 900,1-3,Apartments.com,2 weeks Ago,Champaign,1,3,510,900,705
340,Place at 117117 Sterling Ct Savoy IL 61874,340 - 560,2-4,Apartments.com,7 hours Ago,Champaign,2,4,340,560,450
341,Capstone Quarters1901 N Lincoln Ave Urbana IL 61801,475 - 625,2-4,Apartments.com,1 day Ago,Urbana,2,4,475,625,550
342,Amber Pointe2002 E Amber Ln Urbana IL 61802,870 - 1015,1-2,Apartments.com,4 day Ago,Urbana,1,2,870,1015,942.5
343,Michigan East - Campus Property Management404 E Michigan Ave Urbana IL 61801,550 - 824,1-3,Apartments.com,1 week Ago,Urbana,1,3,550,824,687
344,Windsor West Apartments2502 Fields South Dr Champaign IL 61822,1040 - 1495,1-3,Apartments.com,New,Champaign,1,3,1040,1495,1267.5
345,Student Housing - West Quad29 E Green St Champaign IL 61820,724 - 1619,1-4,Apartments.com,7 hours Ago,Champaign,1,4,724,1619,1171.5
346,The Legends4422 Nicklaus Dr Champaign IL 61822,980 - 1515,1-3,Apartments.com,New,Champaign,1,3,980,1515,1247.5
347,1107 S 2nd St1107 S 2nd St Champaign IL 61820,2380,4,Apartments.com,1 week Ago,Champaign,4,4,2380,2380,2380
348,Gramercy Park Apartments2106 W White St Champaign IL 61821,585 - 665,1-2,Apartments.com,2 weeks Ago,Champaign,1,2,585,665,625
349,Town and Country1032 E Kerr Ave Urbana IL 61801,550 - 981,1-2,Apartments.com,New,Urbana,1,2,550,981,765.5
350,Skyline Tower519 E Green St Champaign IL 61820,1850 - 2775,2-3,Apartments.com,11 hours Ago,Champaign,2,3,1850,2775,2312.5
351,Gentry Square Apartments1712 Gentry Square Ln Champaign IL 61821,900 - 1515,1-2,Apartments.com,5 hours Ago,Champaign,1,2,900,1515,1207.5
352,Westgate Apartments LLC1600 W Bradley Ave Champaign IL 61821,590 - 866,1-2,Apartments.com,New,Champaign,1,2,590,866,728
353,Student Housing - HERE Champaign308 E Green St Champaign IL 61820,749 - 1319,2-4,Apartments.com,7 hours Ago,Champaign,2,4,749,1319,1034
354,Latitude608 E University Ave Champaign IL 61820,725 - 2499,1-4,Apartments.com,7 hours Ago,Champaign,1,4,725,2499,1612
355,520 Neil520 N Neil St Champaign IL 61820,1595,1-2,Apartments.com,6 hours Ago,Champaign,1,2,1595,1595,1595
356,Hunters Pond Apartment Homes2717 Hunters Pond Run Champaign IL 61820,863 - 1390,1-2,Apartments.com,New,Champaign,1,2,863,1390,1126.5
357,Watersedge936 Waterview Way Champaign IL 61822,895 - 1285,1-3,Apartments.com,6 hours Ago,Champaign,1,3,895,1285,1090
358,First Column Student Living512 E Green St Champaign IL 61820,709 - 925,2-4,Apartments.com,1 day Ago,Champaign,2,4,709,925,817
359,Baytowne Apartments LLC1000 Baytowne Dr Champaign IL 61822,865 - 1780,1-2,Apartments.com,New,Champaign,1,2,865,1780,1322.5
360,Lancaster Apartments112 E Chalmers St Champaign IL 61820,710 - 770,3-4,Apartments.com,1 day Ago,Champaign,3,4,710,770,740
361,Fields South3301 Fields South Dr Champaign IL 61822,1150 - 1950,1-3,Apartments.com,1 day Ago,Champaign,1,3,1150,1950,1550
362,Maywood Apartments51 E John St Champaign IL 61820,675 - 795,2-4,Apartments.com,1 day Ago,Champaign,2,4,675,795,735
363,Seven07707 S 4th St Champaign IL 61820,799 - 1670,-4,Apartments.com,5 day Ago,Champaign,,4,799,1670,1234.5
364,Colonial Apartments1101 S Mattis Ave Champaign IL 61821,510 - 900,1-3,Apartments.com,2 weeks Ago,Champaign,1,3,510,900,705
365,Place at 117117 Sterling Ct Savoy IL 61874,340 - 560,2-4,Apartments.com,7 hours Ago,Champaign,2,4,340,560,450
366,Capstone Quarters1901 N Lincoln Ave Urbana IL 61801,475 - 625,2-4,Apartments.com,1 day Ago,Urbana,2,4,475,625,550
367,Amber Pointe2002 E Amber Ln Urbana IL 61802,870 - 1015,1-2,Apartments.com,4 day Ago,Urbana,1,2,870,1015,942.5
368,Michigan East - Campus Property Management404 E Michigan Ave Urbana IL 61801,550 - 824,1-3,Apartments.com,1 week Ago,Urbana,1,3,550,824,687
369,Windsor West Apartments2502 Fields South Dr Champaign IL 61822,1040 - 1495,1-3,Apartments.com,New,Champaign,1,3,1040,1495,1267.5
370,Student Housing - West Quad29 E Green St Champaign IL 61820,724 - 1619,1-4,Apartments.com,7 hours Ago,Champaign,1,4,724,1619,1171.5
371,The Legends4422 Nicklaus Dr Champaign IL 61822,980 - 1515,1-3,Apartments.com,New,Champaign,1,3,980,1515,1247.5
372,1107 S 2nd St1107 S 2nd St Champaign IL 61820,2380,4,Apartments.com,1 week Ago,Champaign,4,4,2380,2380,2380
373,Gramercy Park Apartments2106 W White St Champaign IL 61821,585 - 665,1-2,Apartments.com,2 weeks Ago,Champaign,1,2,585,665,625
374,Town and Country1032 E Kerr Ave Urbana IL 61801,550 - 981,1-2,Apartments.com,New,Urbana,1,2,550,981,765.5
375,Skyline Tower519 E Green St Champaign IL 61820,1850 - 2775,2-3,Apartments.com,11 hours Ago,Champaign,2,3,1850,2775,2312.5
376,Gentry Square Apartments1712 Gentry Square Ln Champaign IL 61821,900 - 1515,1-2,Apartments.com,5 hours Ago,Champaign,1,2,900,1515,1207.5
377,Westgate Apartments LLC1600 W Bradley Ave Champaign IL 61821,590 - 866,1-2,Apartments.com,New,Champaign,1,2,590,866,728
378,Student Housing - HERE Champaign308 E Green St Champaign IL 61820,749 - 1319,2-4,Apartments.com,7 hours Ago,Champaign,2,4,749,1319,1034
379,Latitude608 E University Ave Champaign IL 61820,725 - 2499,1-4,Apartments.com,7 hours Ago,Champaign,1,4,725,2499,1612
380,520 Neil520 N Neil St Champaign IL 61820,1595,1-2,Apartments.com,6 hours Ago,Champaign,1,2,1595,1595,1595
381,Hunters Pond Apartment Homes2717 Hunters Pond Run Champaign IL 61820,863 - 1390,1-2,Apartments.com,New,Champaign,1,2,863,1390,1126.5
382,Watersedge936 Waterview Way Champaign IL 61822,895 - 1285,1-3,Apartments.com,6 hours Ago,Champaign,1,3,895,1285,1090
383,First Column Student Living512 E Green St Champaign IL 61820,709 - 925,2-4,Apartments.com,1 day Ago,Champaign,2,4,709,925,817
384,Baytowne Apartments LLC1000 Baytowne Dr Champaign IL 61822,865 - 1780,1-2,Apartments.com,New,Champaign,1,2,865,1780,1322.5
385,Lancaster Apartments112 E Chalmers St Champaign IL 61820,710 - 770,3-4,Apartments.com,1 day Ago,Champaign,3,4,710,770,740
386,Fields South3301 Fields South Dr Champaign IL 61822,1150 - 1950,1-3,Apartments.com,1 day Ago,Champaign,1,3,1150,1950,1550
387,Maywood Apartments51 E John St Champaign IL 61820,675 - 795,2-4,Apartments.com,1 day Ago,Champaign,2,4,675,795,735
388,Seven07707 S 4th St Champaign IL 61820,799 - 1670,-4,Apartments.com,5 day Ago,Champaign,,4,799,1670,1234.5
389,Colonial Apartments1101 S Mattis Ave Champaign IL 61821,510 - 900,1-3,Apartments.com,2 weeks Ago,Champaign,1,3,510,900,705
390,Place at 117117 Sterling Ct Savoy IL 61874,340 - 560,2-4,Apartments.com,7 hours Ago,Champaign,2,4,340,560,450
391,Capstone Quarters1901 N Lincoln Ave Urbana IL 61801,475 - 625,2-4,Apartments.com,1 day Ago,Urbana,2,4,475,625,550
392,Amber Pointe2002 E Amber Ln Urbana IL 61802,870 - 1015,1-2,Apartments.com,4 day Ago,Urbana,1,2,870,1015,942.5
393,Michigan East - Campus Property Management404 E Michigan Ave Urbana IL 61801,550 - 824,1-3,Apartments.com,1 week Ago,Urbana,1,3,550,824,687
394,Windsor West Apartments2502 Fields South Dr Champaign IL 61822,1040 - 1495,1-3,Apartments.com,New,Champaign,1,3,1040,1495,1267.5
395,Student Housing - West Quad29 E Green St Champaign IL 61820,724 - 1619,1-4,Apartments.com,7 hours Ago,Champaign,1,4,724,1619,1171.5
396,The Legends4422 Nicklaus Dr Champaign IL 61822,980 - 1515,1-3,Apartments.com,New,Champaign,1,3,980,1515,1247.5
397,1107 S 2nd St1107 S 2nd St Champaign IL 61820,2380,4,Apartments.com,1 week Ago,Champaign,4,4,2380,2380,2380
398,Gramercy Park Apartments2106 W White St Champaign IL 61821,585 - 665,1-2,Apartments.com,2 weeks Ago,Champaign,1,2,585,665,625
399,Town and Country1032 E Kerr Ave Urbana IL 61801,550 - 981,1-2,Apartments.com,New,Urbana,1,2,550,981,765.5
400,Skyline Tower519 E Green St Champaign IL 61820,1850 - 2775,2-3,Apartments.com,11 hours Ago,Champaign,2,3,1850,2775,2312.5
401,Gentry Square Apartments1712 Gentry Square Ln Champaign IL 61821,900 - 1515,1-2,Apartments.com,5 hours Ago,Champaign,1,2,900,1515,1207.5
402,Westgate Apartments LLC1600 W Bradley Ave Champaign IL 61821,590 - 866,1-2,Apartments.com,New,Champaign,1,2,590,866,728
403,Student Housing - HERE Champaign308 E Green St Champaign IL 61820,749 - 1319,2-4,Apartments.com,7 hours Ago,Champaign,2,4,749,1319,1034
404,Latitude608 E University Ave Champaign IL 61820,725 - 2499,1-4,Apartments.com,7 hours Ago,Champaign,1,4,725,2499,1612
405,520 Neil520 N Neil St Champaign IL 61820,1595,1-2,Apartments.com,6 hours Ago,Champaign,1,2,1595,1595,1595
406,Hunters Pond Apartment Homes2717 Hunters Pond Run Champaign IL 61820,863 - 1390,1-2,Apartments.com,New,Champaign,1,2,863,1390,1126.5
407,Watersedge936 Waterview Way Champaign IL 61822,895 - 1285,1-3,Apartments.com,6 hours Ago,Champaign,1,3,895,1285,1090
408,First Column Student Living512 E Green St Champaign IL 61820,709 - 925,2-4,Apartments.com,1 day Ago,Champaign,2,4,709,925,817
409,Baytowne Apartments LLC1000 Baytowne Dr Champaign IL 61822,865 - 1780,1-2,Apartments.com,New,Champaign,1,2,865,1780,1322.5
410,Lancaster Apartments112 E Chalmers St Champaign IL 61820,710 - 770,3-4,Apartments.com,1 day Ago,Champaign,3,4,710,770,740
411,Fields South3301 Fields South Dr Champaign IL 61822,1150 - 1950,1-3,Apartments.com,1 day Ago,Champaign,1,3,1150,1950,1550
412,Maywood Apartments51 E John St Champaign IL 61820,675 - 795,2-4,Apartments.com,1 day Ago,Champaign,2,4,675,795,735
413,Seven07707 S 4th St Champaign IL 61820,799 - 1670,-4,Apartments.com,5 day Ago,Champaign,,4,799,1670,1234.5
414,Colonial Apartments1101 S Mattis Ave Champaign IL 61821,510 - 900,1-3,Apartments.com,2 weeks Ago,Champaign,1,3,510,900,705
415,Place at 117117 Sterling Ct Savoy IL 61874,340 - 560,2-4,Apartments.com,7 hours Ago,Champaign,2,4,340,560,450
416,Capstone Quarters1901 N Lincoln Ave Urbana IL 61801,475 - 625,2-4,Apartments.com,1 day Ago,Urbana,2,4,475,625,550
417,Amber Pointe2002 E Amber Ln Urbana IL 61802,870 - 1015,1-2,Apartments.com,4 day Ago,Urbana,1,2,870,1015,942.5
418,Michigan East - Campus Property Management404 E Michigan Ave Urbana IL 61801,550 - 824,1-3,Apartments.com,1 week Ago,Urbana,1,3,550,824,687
419,Windsor West Apartments2502 Fields South Dr Champaign IL 61822,1040 - 1495,1-3,Apartments.com,New,Champaign,1,3,1040,1495,1267.5
420,Student Housing - West Quad29 E Green St Champaign IL 61820,724 - 1619,1-4,Apartments.com,7 hours Ago,Champaign,1,4,724,1619,1171.5
421,The Legends4422 Nicklaus Dr Champaign IL 61822,980 - 1515,1-3,Apartments.com,New,Champaign,1,3,980,1515,1247.5
422,1107 S 2nd St1107 S 2nd St Champaign IL 61820,2380,4,Apartments.com,1 week Ago,Champaign,4,4,2380,2380,2380
423,Gramercy Park Apartments2106 W White St Champaign IL 61821,585 - 665,1-2,Apartments.com,2 weeks Ago,Champaign,1,2,585,665,625
424,Town and Country1032 E Kerr Ave Urbana IL 61801,550 - 981,1-2,Apartments.com,New,Urbana,1,2,550,981,765.5
425,Skyline Tower519 E Green St Champaign IL 61820,1850 - 2775,2-3,Apartments.com,11 hours Ago,Champaign,2,3,1850,2775,2312.5
426,Gentry Square Apartments1712 Gentry Square Ln Champaign IL 61821,900 - 1515,1-2,Apartments.com,5 hours Ago,Champaign,1,2,900,1515,1207.5
427,Westgate Apartments LLC1600 W Bradley Ave Champaign IL 61821,590 - 866,1-2,Apartments.com,New,Champaign,1,2,590,866,728
428,Student Housing - HERE Champaign308 E Green St Champaign IL 61820,749 - 1319,2-4,Apartments.com,7 hours Ago,Champaign,2,4,749,1319,1034
429,Latitude608 E University Ave Champaign IL 61820,725 - 2499,1-4,Apartments.com,7 hours Ago,Champaign,1,4,725,2499,1612
430,520 Neil520 N Neil St Champaign IL 61820,1595,1-2,Apartments.com,6 hours Ago,Champaign,1,2,1595,1595,1595
431,Hunters Pond Apartment Homes2717 Hunters Pond Run Champaign IL 61820,863 - 1390,1-2,Apartments.com,New,Champaign,1,2,863,1390,1126.5
432,Watersedge936 Waterview Way Champaign IL 61822,895 - 1285,1-3,Apartments.com,6 hours Ago,Champaign,1,3,895,1285,1090
433,First Column Student Living512 E Green St Champaign IL 61820,709 - 925,2-4,Apartments.com,1 day Ago,Champaign,2,4,709,925,817
434,Baytowne Apartments LLC1000 Baytowne Dr Champaign IL 61822,865 - 1780,1-2,Apartments.com,New,Champaign,1,2,865,1780,1322.5
435,Lancaster Apartments112 E Chalmers St Champaign IL 61820,710 - 770,3-4,Apartments.com,1 day Ago,Champaign,3,4,710,770,740
436,Fields South3301 Fields South Dr Champaign IL 61822,1150 - 1950,1-3,Apartments.com,1 day Ago,Champaign,1,3,1150,1950,1550
437,Maywood Apartments51 E John St Champaign IL 61820,675 - 795,2-4,Apartments.com,1 day Ago,Champaign,2,4,675,795,735
438,Seven07707 S 4th St Champaign IL 61820,799 - 1670,-4,Apartments.com,5 day Ago,Champaign,,4,799,1670,1234.5
439,Colonial Apartments1101 S Mattis Ave Champaign IL 61821,510 - 900,1-3,Apartments.com,2 weeks Ago,Champaign,1,3,510,900,705
440,Place at 117117 Sterling Ct Savoy IL 61874,340 - 560,2-4,Apartments.com,7 hours Ago,Champaign,2,4,340,560,450
441,Capstone Quarters1901 N Lincoln Ave Urbana IL 61801,475 - 625,2-4,Apartments.com,1 day Ago,Urbana,2,4,475,625,550
442,Amber Pointe2002 E Amber Ln Urbana IL 61802,870 - 1015,1-2,Apartments.com,4 day Ago,Urbana,1,2,870,1015,942.5
443,Michigan East - Campus Property Management404 E Michigan Ave Urbana IL 61801,550 - 824,1-3,Apartments.com,1 week Ago,Urbana,1,3,550,824,687
444,Windsor West Apartments2502 Fields South Dr Champaign IL 61822,1040 - 1495,1-3,Apartments.com,New,Champaign,1,3,1040,1495,1267.5
445,Student Housing - West Quad29 E Green St Champaign IL 61820,724 - 1619,1-4,Apartments.com,7 hours Ago,Champaign,1,4,724,1619,1171.5
446,The Legends4422 Nicklaus Dr Champaign IL 61822,980 - 1515,1-3,Apartments.com,New,Champaign,1,3,980,1515,1247.5
447,1107 S 2nd St1107 S 2nd St Champaign IL 61820,2380,4,Apartments.com,1 week Ago,Champaign,4,4,2380,2380,2380
448,Gramercy Park Apartments2106 W White St Champaign IL 61821,585 - 665,1-2,Apartments.com,2 weeks Ago,Champaign,1,2,585,665,625
449,Town and Country1032 E Kerr Ave Urbana IL 61801,550 - 981,1-2,Apartments.com,New,Urbana,1,2,550,981,765.5
450,Skyline Tower519 E Green St Champaign IL 61820,1850 - 2775,2-3,Apartments.com,11 hours Ago,Champaign,2,3,1850,2775,2312.5
451,Gentry Square Apartments1712 Gentry Square Ln Champaign IL 61821,900 - 1515,1-2,Apartments.com,5 hours Ago,Champaign,1,2,900,1515,1207.5
452,Westgate Apartments LLC1600 W Bradley Ave Champaign IL 61821,590 - 866,1-2,Apartments.com,New,Champaign,1,2,590,866,728
453,Student Housing - HERE Champaign308 E Green St Champaign IL 61820,749 - 1319,2-4,Apartments.com,7 hours Ago,Champaign,2,4,749,1319,1034
454,Latitude608 E University Ave Champaign IL 61820,725 - 2499,1-4,Apartments.com,7 hours Ago,Champaign,1,4,725,2499,1612
455,520 Neil520 N Neil St Champaign IL 61820,1595,1-2,Apartments.com,6 hours Ago,Champaign,1,2,1595,1595,1595
456,Hunters Pond Apartment Homes2717 Hunters Pond Run Champaign IL 61820,863 - 1390,1-2,Apartments.com,New,Champaign,1,2,863,1390,1126.5
457,Watersedge936 Waterview Way Champaign IL 61822,895 - 1285,1-3,Apartments.com,6 hours Ago,Champaign,1,3,895,1285,1090
458,First Column Student Living512 E Green St Champaign IL 61820,709 - 925,2-4,Apartments.com,1 day Ago,Champaign,2,4,709,925,817
459,Baytowne Apartments LLC1000 Baytowne Dr Champaign IL 61822,865 - 1780,1-2,Apartments.com,New,Champaign,1,2,865,1780,1322.5
460,Lancaster Apartments112 E Chalmers St Champaign IL 61820,710 - 770,3-4,Apartments.com,1 day Ago,Champaign,3,4,710,770,740
461,Fields South3301 Fields South Dr Champaign IL 61822,1150 - 1950,1-3,Apartments.com,1 day Ago,Champaign,1,3,1150,1950,1550
462,Maywood Apartments51 E John St Champaign IL 61820,675 - 795,2-4,Apartments.com,1 day Ago,Champaign,2,4,675,795,735
463,Seven07707 S 4th St Champaign IL 61820,799 - 1670,-4,Apartments.com,5 day Ago,Champaign,,4,799,1670,1234.5
464,Colonial Apartments1101 S Mattis Ave Champaign IL 61821,510 - 900,1-3,Apartments.com,2 weeks Ago,Champaign,1,3,510,900,705
465,Place at 117117 Sterling Ct Savoy IL 61874,340 - 560,2-4,Apartments.com,7 hours Ago,Champaign,2,4,340,560,450
466,Capstone Quarters1901 N Lincoln Ave Urbana IL 61801,475 - 625,2-4,Apartments.com,1 day Ago,Urbana,2,4,475,625,550
467,Amber Pointe2002 E Amber Ln Urbana IL 61802,870 - 1015,1-2,Apartments.com,4 day Ago,Urbana,1,2,870,1015,942.5
468,Michigan East - Campus Property Management404 E Michigan Ave Urbana IL 61801,550 - 824,1-3,Apartments.com,1 week Ago,Urbana,1,3,550,824,687
469,Windsor West Apartments2502 Fields South Dr Champaign IL 61822,1040 - 1495,1-3,Apartments.com,New,Champaign,1,3,1040,1495,1267.5
470,Student Housing - West Quad29 E Green St Champaign IL 61820,724 - 1619,1-4,Apartments.com,7 hours Ago,Champaign,1,4,724,1619,1171.5
471,The Legends4422 Nicklaus Dr Champaign IL 61822,980 - 1515,1-3,Apartments.com,New,Champaign,1,3,980,1515,1247.5
472,1107 S 2nd St1107 S 2nd St Champaign IL 61820,2380,4,Apartments.com,1 week Ago,Champaign,4,4,2380,2380,2380
473,Gramercy Park Apartments2106 W White St Champaign IL 61821,585 - 665,1-2,Apartments.com,2 weeks Ago,Champaign,1,2,585,665,625
474,Town and Country1032 E Kerr Ave Urbana IL 61801,550 - 981,1-2,Apartments.com,New,Urbana,1,2,550,981,765.5
475,Skyline Tower519 E Green St Champaign IL 61820,1850 - 2775,2-3,Apartments.com,11 hours Ago,Champaign,2,3,1850,2775,2312.5
476,Gentry Square Apartments1712 Gentry Square Ln Champaign IL 61821,900 - 1515,1-2,Apartments.com,5 hours Ago,Champaign,1,2,900,1515,1207.5
477,Westgate Apartments LLC1600 W Bradley Ave Champaign IL 61821,590 - 866,1-2,Apartments.com,New,Champaign,1,2,590,866,728
478,Student Housing - HERE Champaign308 E Green St Champaign IL 61820,749 - 1319,2-4,Apartments.com,7 hours Ago,Champaign,2,4,749,1319,1034
479,Latitude608 E University Ave Champaign IL 61820,725 - 2499,1-4,Apartments.com,7 hours Ago,Champaign,1,4,725,2499,1612
480,520 Neil520 N Neil St Champaign IL 61820,1595,1-2,Apartments.com,6 hours Ago,Champaign,1,2,1595,1595,1595
481,Hunters Pond Apartment Homes2717 Hunters Pond Run Champaign IL 61820,863 - 1390,1-2,Apartments.com,New,Champaign,1,2,863,1390,1126.5
482,Watersedge936 Waterview Way Champaign IL 61822,895 - 1285,1-3,Apartments.com,6 hours Ago,Champaign,1,3,895,1285,1090
483,First Column Student Living512 E Green St Champaign IL 61820,709 - 925,2-4,Apartments.com,1 day Ago,Champaign,2,4,709,925,817
484,Baytowne Apartments LLC1000 Baytowne Dr Champaign IL 61822,865 - 1780,1-2,Apartments.com,New,Champaign,1,2,865,1780,1322.5
485,Lancaster Apartments112 E Chalmers St Champaign IL 61820,710 - 770,3-4,Apartments.com,1 day Ago,Champaign,3,4,710,770,740
486,Fields South3301 Fields South Dr Champaign IL 61822,1150 - 1950,1-3,Apartments.com,1 day Ago,Champaign,1,3,1150,1950,1550
487,Maywood Apartments51 E John St Champaign IL 61820,675 - 795,2-4,Apartments.com,1 day Ago,Champaign,2,4,675,795,735
488,Seven07707 S 4th St Champaign IL 61820,799 - 1670,-4,Apartments.com,5 day Ago,Champaign,,4,799,1670,1234.5
489,Colonial Apartments1101 S Mattis Ave Champaign IL 61821,510 - 900,1-3,Apartments.com,2 weeks Ago,Champaign,1,3,510,900,705
490,Place at 117117 Sterling Ct Savoy IL 61874,340 - 560,2-4,Apartments.com,7 hours Ago,Champaign,2,4,340,560,450
491,Capstone Quarters1901 N Lincoln Ave Urbana IL 61801,475 - 625,2-4,Apartments.com,1 day Ago,Urbana,2,4,475,625,550
492,Amber Pointe2002 E Amber Ln Urbana IL 61802,870 - 1015,1-2,Apartments.com,4 day Ago,Urbana,1,2,870,1015,942.5
493,Michigan East - Campus Property Management404 E Michigan Ave Urbana IL 61801,550 - 824,1-3,Apartments.com,1 week Ago,Urbana,1,3,550,824,687
494,Windsor West Apartments2502 Fields South Dr Champaign IL 61822,1040 - 1495,1-3,Apartments.com,New,Champaign,1,3,1040,1495,1267.5
495,Student Housing - West Quad29 E Green St Champaign IL 61820,724 - 1619,1-4,Apartments.com,7 hours Ago,Champaign,1,4,724,1619,1171.5
496,The Legends4422 Nicklaus Dr Champaign IL 61822,980 - 1515,1-3,Apartments.com,New,Champaign,1,3,980,1515,1247.5
497,1107 S 2nd St1107 S 2nd St Champaign IL 61820,2380,4,Apartments.com,1 week Ago,Champaign,4,4,2380,2380,2380
498,Gramercy Park Apartments2106 W White St Champaign IL 61821,585 - 665,1-2,Apartments.com,2 weeks Ago,Champaign,1,2,585,665,625
499,Town and Country1032 E Kerr Ave Urbana IL 61801,550 - 981,1-2,Apartments.com,New,Urbana,1,2,550,981,765.5
500,Skyline Tower519 E Green St Champaign IL 61820,1850 - 2775,2-3,Apartments.com,11 hours Ago,Champaign,2,3,1850,2775,2312.5
501,Gentry Square Apartments1712 Gentry Square Ln Champaign IL 61821,900 - 1515,1-2,Apartments.com,5 hours Ago,Champaign,1,2,900,1515,1207.5
502,Westgate Apartments LLC1600 W Bradley Ave Champaign IL 61821,590 - 866,1-2,Apartments.com,New,Champaign,1,2,590,866,728
503,Student Housing - HERE Champaign308 E Green St Champaign IL 61820,749 - 1319,2-4,Apartments.com,7 hours Ago,Champaign,2,4,749,1319,1034
504,Latitude608 E University Ave Champaign IL 61820,725 - 2499,1-4,Apartments.com,7 hours Ago,Champaign,1,4,725,2499,1612
505,520 Neil520 N Neil St Champaign IL 61820,1595,1-2,Apartments.com,6 hours Ago,Champaign,1,2,1595,1595,1595
506,Hunters Pond Apartment Homes2717 Hunters Pond Run Champaign IL 61820,863 - 1390,1-2,Apartments.com,New,Champaign,1,2,863,1390,1126.5
507,Watersedge936 Waterview Way Champaign IL 61822,895 - 1285,1-3,Apartments.com,6 hours Ago,Champaign,1,3,895,1285,1090
508,First Column Student Living512 E Green St Champaign IL 61820,709 - 925,2-4,Apartments.com,1 day Ago,Champaign,2,4,709,925,817
509,Baytowne Apartments LLC1000 Baytowne Dr Champaign IL 61822,865 - 1780,1-2,Apartments.com,New,Champaign,1,2,865,1780,1322.5
510,Lancaster Apartments112 E Chalmers St Champaign IL 61820,710 - 770,3-4,Apartments.com,1 day Ago,Champaign,3,4,710,770,740
511,Fields South3301 Fields South Dr Champaign IL 61822,1150 - 1950,1-3,Apartments.com,1 day Ago,Champaign,1,3,1150,1950,1550
512,Maywood Apartments51 E John St Champaign IL 61820,675 - 795,2-4,Apartments.com,1 day Ago,Champaign,2,4,675,795,735
513,Seven07707 S 4th St Champaign IL 61820,799 - 1670,-4,Apartments.com,5 day Ago,Champaign,,4,799,1670,1234.5
514,Colonial Apartments1101 S Mattis Ave Champaign IL 61821,510 - 900,1-3,Apartments.com,2 weeks Ago,Champaign,1,3,510,900,705
515,Place at 117117 Sterling Ct Savoy IL 61874,340 - 560,2-4,Apartments.com,7 hours Ago,Champaign,2,4,340,560,450
516,Capstone Quarters1901 N Lincoln Ave Urbana IL 61801,475 - 625,2-4,Apartments.com,1 day Ago,Urbana,2,4,475,625,550
517,Amber Pointe2002 E Amber Ln Urbana IL 61802,870 - 1015,1-2,Apartments.com,4 day Ago,Urbana,1,2,870,1015,942.5
518,Michigan East - Campus Property Management404 E Michigan Ave Urbana IL 61801,550 - 824,1-3,Apartments.com,1 week Ago,Urbana,1,3,550,824,687
519,Windcrest Apartments,395,-2,Hotpads.com,Recently Updated,Champaign,,2,395,395,395
520,Baytowne Apartments LLC,985,1 - 2,Hotpads.com,Recently Updated,Champaign,1,2,985,985,985
521,Westgate Apartments LLC,590,1 - 2,Hotpads.com,Recently Updated,Champaign,1,2,590,590,590
522,The Legends,980,1 - 3,Hotpads.com,Recently Updated,Champaign,1,3,980,980,980
523,Watersedge Apartments,875,1 - 3,Hotpads.com,Recently Updated,Champaign,1,3,875,875,875
524,520 Neil,1595,2,Hotpads.com,Recently Updated,Champaign,2,2,1595,1595,1595
525,705 S 1st Street,1300,2 - 4,Hotpads.com,Recently Updated,Champaign,2,4,1300,1300,1300
526,Locust III,1040,4,Hotpads.com,Recently Updated,Champaign,4,4,1040,1040,1040
527,The Dean Campustown,709,-4,Hotpads.com,Recently Updated,Champaign,,4,709,709,709
528,Crowwood Pointe,935,2,Hotpads.com,Recently Updated,Champaign,2,2,935,935,935
529,Lincolnshire West,625,1 - 3,Hotpads.com,Recently Updated,Champaign,1,3,625,625,625
530,101 E Green St,1128,2 - 4,Hotpads.com,Recently Updated,Champaign,2,4,1128,1128,1128
531,207 E Green St,1576,4,Hotpads.com,Recently Updated,Champaign,4,4,1576,1576,1576
532,1006 S 3rd St,1190,2 - 3,Hotpads.com,Recently Updated,Champaign,2,3,1190,1190,1190
533,515 Bash Ct,1587,3,Hotpads.com,Recently Updated,Champaign,3,3,1587,1587,1587
534,309 E Daniel St,1407,3 - 4,Hotpads.com,Recently Updated,Champaign,3,4,1407,1407,1407
535,311 E Daniel St,1407,3 - 4,Hotpads.com,Recently Updated,Champaign,3,4,1407,1407,1407
536,803 W Green St,968,2,Hotpads.com,Recently Updated,Champaign,2,2,968,968,968
537,903 S 4th St,948,2,Hotpads.com,Recently Updated,Champaign,2,2,948,948,948
538,909 S 3rd St,1227,3 - 5,Hotpads.com,Recently Updated,Champaign,3,5,1227,1227,1227
539,Windcrest Apartments,395,-2,Hotpads.com,Recently Updated,Champaign,,2,395,395,395
540,Baytowne Apartments LLC,985,1 - 2,Hotpads.com,Recently Updated,Champaign,1,2,985,985,985
541,Westgate Apartments LLC,590,1 - 2,Hotpads.com,Recently Updated,Champaign,1,2,590,590,590
542,The Legends,980,1 - 3,Hotpads.com,Recently Updated,Champaign,1,3,980,980,980
543,Watersedge Apartments,875,1 - 3,Hotpads.com,Recently Updated,Champaign,1,3,875,875,875
544,520 Neil,1595,2,Hotpads.com,Recently Updated,Champaign,2,2,1595,1595,1595
545,705 S 1st Street,1300,2 - 4,Hotpads.com,Recently Updated,Champaign,2,4,1300,1300,1300
546,Locust III,1040,4,Hotpads.com,Recently Updated,Champaign,4,4,1040,1040,1040
547,The Dean Campustown,709,-4,Hotpads.com,Recently Updated,Champaign,,4,709,709,709
548,Crowwood Pointe,935,2,Hotpads.com,Recently Updated,Champaign,2,2,935,935,935
549,Lincolnshire West,625,1 - 3,Hotpads.com,Recently Updated,Champaign,1,3,625,625,625
550,101 E Green St,1128,2 - 4,Hotpads.com,Recently Updated,Champaign,2,4,1128,1128,1128
551,207 E Green St,1576,4,Hotpads.com,Recently Updated,Champaign,4,4,1576,1576,1576
552,109 E John St,1647,3,Hotpads.com,Recently Updated,Champaign,3,3,1647,1647,1647
553,506 W. White,550,1,Hotpads.com,Recently Updated,Champaign,1,1,550,550,550
554,1006 S 3rd St,1190,2 - 3,Hotpads.com,Recently Updated,Champaign,2,3,1190,1190,1190
555,515 Bash Ct,1587,3,Hotpads.com,Recently Updated,Champaign,3,3,1587,1587,1587
556,311 E Daniel St,1407,3 - 4,Hotpads.com,Recently Updated,Champaign,3,4,1407,1407,1407
557,504 E White St,584,,Hotpads.com,Recently Updated,Champaign,,,584,584,584
558,614 S 4th St,1118,2,Hotpads.com,Recently Updated,Champaign,2,2,1118,1118,1118
559,The Dean Campustown,709,-4,Hotpads.com,Recently Updated,Champaign,,4,709,709,709
560,705 S 1st Street,1300,2 - 4,Hotpads.com,Recently Updated,Champaign,2,4,1300,1300,1300
561,Lincolnshire West,625,1 - 3,Hotpads.com,Recently Updated,Champaign,1,3,625,625,625
562,Westgate Apartments LLC,590,1 - 2,Hotpads.com,Recently Updated,Champaign,1,2,590,590,590
563,The Legends,980,1 - 3,Hotpads.com,Recently Updated,Champaign,1,3,980,980,980
564,Baytowne Apartments LLC,985,1 - 2,Hotpads.com,Recently Updated,Champaign,1,2,985,985,985
565,520 Neil,1595,2,Hotpads.com,Recently Updated,Champaign,2,2,1595,1595,1595
566,Windcrest Apartments,395,-2,Hotpads.com,Recently Updated,Champaign,,2,395,395,395
567,2401 Clayton Blvd,735,-1,Hotpads.com,Recently Updated,Champaign,,1,735,735,735
568,Watersedge Apartments,875,1 - 3,Hotpads.com,Recently Updated,Champaign,1,3,875,875,875
569,217 South,1295,1 - 2,Hotpads.com,Recently Updated,Champaign,1,2,1295,1295,1295
570,1617 S Mattis Ave,1000,4,Hotpads.com,Recently Updated,Champaign,4,4,1000,1000,1000
571,1317 Frederick St #WEST,1000,2,Hotpads.com,Recently Updated,Champaign,2,2,1000,1000,1000
572,305 West Washington Street - 1,850,2,Hotpads.com,Recently Updated,Champaign,2,2,850,850,850
573,2708 Judith Dr,950,3,Hotpads.com,Recently Updated,Champaign,3,3,950,950,950
574,"2 bed, 911 sqft, $855",855,2,Hotpads.com,Recently Updated,Champaign,2,2,855,855,855
575,1313 Hollycrest Dr,950,3,Hotpads.com,Recently Updated,Champaign,3,3,950,950,950
576,704 W White St,610,1,Hotpads.com,Recently Updated,Champaign,1,1,610,610,610
577,404 E Stoughton St,1190,2 - 3,Hotpads.com,Recently Updated,Champaign,2,3,1190,1190,1190
578,1806 Park Haven Dr,1650,3,Hotpads.com,Recently Updated,Champaign,3,3,1650,1650,1650
579,The Dean Campustown,709,-4,Hotpads.com,Recently Updated,Champaign,,4,709,709,709
580,705 S 1st Street,1300,2 - 4,Hotpads.com,Recently Updated,Champaign,2,4,1300,1300,1300
581,Lincolnshire West,625,1 - 3,Hotpads.com,Recently Updated,Champaign,1,3,625,625,625
582,Westgate Apartments LLC,590,1 - 2,Hotpads.com,Recently Updated,Champaign,1,2,590,590,590
583,The Legends,980,1 - 3,Hotpads.com,Recently Updated,Champaign,1,3,980,980,980
584,Baytowne Apartments LLC,985,1 - 2,Hotpads.com,Recently Updated,Champaign,1,2,985,985,985
585,520 Neil,1595,2,Hotpads.com,Recently Updated,Champaign,2,2,1595,1595,1595
586,Windcrest Apartments,395,-2,Hotpads.com,Recently Updated,Champaign,,2,395,395,395
587,2401 Clayton Blvd,735,-1,Hotpads.com,Recently Updated,Champaign,,1,735,735,735
588,Watersedge Apartments,875,1 - 3,Hotpads.com,Recently Updated,Champaign,1,3,875,875,875
589,217 South,1295,1 - 2,Hotpads.com,Recently Updated,Champaign,1,2,1295,1295,1295
590,1617 S Mattis Ave,1000,4,Hotpads.com,Recently Updated,Champaign,4,4,1000,1000,1000
591,1317 Frederick St #WEST,1000,2,Hotpads.com,Recently Updated,Champaign,2,2,1000,1000,1000
592,305 West Washington Street - 1,850,2,Hotpads.com,Recently Updated,Champaign,2,2,850,850,850
593,2708 Judith Dr,950,3,Hotpads.com,Recently Updated,Champaign,3,3,950,950,950
594,"2 bed, 911 sqft, $855",855,2,Hotpads.com,Recently Updated,Champaign,2,2,855,855,855
595,1313 Hollycrest Dr,950,3,Hotpads.com,Recently Updated,Champaign,3,3,950,950,950
596,704 W White St,610,1,Hotpads.com,Recently Updated,Champaign,1,1,610,610,610
597,404 E Stoughton St,1190,2 - 3,Hotpads.com,Recently Updated,Champaign,2,3,1190,1190,1190
598,1806 Park Haven Dr,1650,3,Hotpads.com,Recently Updated,Champaign,3,3,1650,1650,1650
599,The Dean Campustown,709,-4,Hotpads.com,Recently Updated,Champaign,,4,709,709,709
600,705 S 1st Street,1300,2 - 4,Hotpads.com,Recently Updated,Champaign,2,4,1300,1300,1300
601,Lincolnshire West,625,1 - 3,Hotpads.com,Recently Updated,Champaign,1,3,625,625,625
602,Westgate Apartments LLC,590,1 - 2,Hotpads.com,Recently Updated,Champaign,1,2,590,590,590
603,The Legends,980,1 - 3,Hotpads.com,Recently Updated,Champaign,1,3,980,980,980
604,Baytowne Apartments LLC,985,1 - 2,Hotpads.com,Recently Updated,Champaign,1,2,985,985,985
605,520 Neil,1595,2,Hotpads.com,Recently Updated,Champaign,2,2,1595,1595,1595
606,Windcrest Apartments,395,-2,Hotpads.com,Recently Updated,Champaign,,2,395,395,395
607,2401 Clayton Blvd,735,-1,Hotpads.com,Recently Updated,Champaign,,1,735,735,735
608,Watersedge Apartments,875,1 - 3,Hotpads.com,Recently Updated,Champaign,1,3,875,875,875
609,217 South,1295,1 - 2,Hotpads.com,Recently Updated,Champaign,1,2,1295,1295,1295
610,1617 S Mattis Ave,1000,4,Hotpads.com,Recently Updated,Champaign,4,4,1000,1000,1000
611,1317 Frederick St #WEST,1000,2,Hotpads.com,Recently Updated,Champaign,2,2,1000,1000,1000
612,305 West Washington Street - 1,850,2,Hotpads.com,Recently Updated,Champaign,2,2,850,850,850
613,2708 Judith Dr,950,3,Hotpads.com,Recently Updated,Champaign,3,3,950,950,950
614,"2 bed, 911 sqft, $855",855,2,Hotpads.com,Recently Updated,Champaign,2,2,855,855,855
615,1313 Hollycrest Dr,950,3,Hotpads.com,Recently Updated,Champaign,3,3,950,950,950
616,704 W White St,610,1,Hotpads.com,Recently Updated,Champaign,1,1,610,610,610
617,404 E Stoughton St,1190,2 - 3,Hotpads.com,Recently Updated,Champaign,2,3,1190,1190,1190
618,1806 Park Haven Dr,1650,3,Hotpads.com,Recently Updated,Champaign,3,3,1650,1650,1650
619,The Dean Campustown,709,-4,Hotpads.com,Recently Updated,Champaign,,4,709,709,709
620,705 S 1st Street,1300,2 - 4,Hotpads.com,Recently Updated,Champaign,2,4,1300,1300,1300
621,Lincolnshire West,625,1 - 3,Hotpads.com,Recently Updated,Champaign,1,3,625,625,625
622,Westgate Apartments LLC,590,1 - 2,Hotpads.com,Recently Updated,Champaign,1,2,590,590,590
623,The Legends,980,1 - 3,Hotpads.com,Recently Updated,Champaign,1,3,980,980,980
624,Baytowne Apartments LLC,985,1 - 2,Hotpads.com,Recently Updated,Champaign,1,2,985,985,985
625,520 Neil,1595,2,Hotpads.com,Recently Updated,Champaign,2,2,1595,1595,1595
626,Windcrest Apartments,395,-2,Hotpads.com,Recently Updated,Champaign,,2,395,395,395
627,2401 Clayton Blvd,735,-1,Hotpads.com,Recently Updated,Champaign,,1,735,735,735
628,Watersedge Apartments,875,1 - 3,Hotpads.com,Recently Updated,Champaign,1,3,875,875,875
629,217 South,1295,1 - 2,Hotpads.com,Recently Updated,Champaign,1,2,1295,1295,1295
630,1617 S Mattis Ave,1000,4,Hotpads.com,Recently Updated,Champaign,4,4,1000,1000,1000
631,1317 Frederick St #WEST,1000,2,Hotpads.com,Recently Updated,Champaign,2,2,1000,1000,1000
632,305 West Washington Street - 1,850,2,Hotpads.com,Recently Updated,Champaign,2,2,850,850,850
633,2708 Judith Dr,950,3,Hotpads.com,Recently Updated,Champaign,3,3,950,950,950
634,"2 bed, 911 sqft, $855",855,2,Hotpads.com,Recently Updated,Champaign,2,2,855,855,855
635,1313 Hollycrest Dr,950,3,Hotpads.com,Recently Updated,Champaign,3,3,950,950,950
636,704 W White St,610,1,Hotpads.com,Recently Updated,Champaign,1,1,610,610,610
637,404 E Stoughton St,1190,2 - 3,Hotpads.com,Recently Updated,Champaign,2,3,1190,1190,1190
638,1806 Park Haven Dr,1650,3,Hotpads.com,Recently Updated,Champaign,3,3,1650,1650,1650
639,Windcrest Apartments,395,-2,Hotpads.com,Recently Updated,Champaign,,2,395,395,395
640,Baytowne Apartments LLC,985,1 - 2,Hotpads.com,Recently Updated,Champaign,1,2,985,985,985
641,Westgate Apartments LLC,590,1 - 2,Hotpads.com,Recently Updated,Champaign,1,2,590,590,590
642,The Legends,980,1 - 3,Hotpads.com,Recently Updated,Champaign,1,3,980,980,980
643,Watersedge Apartments,875,1 - 3,Hotpads.com,Recently Updated,Champaign,1,3,875,875,875
644,520 Neil,1595,2,Hotpads.com,Recently Updated,Champaign,2,2,1595,1595,1595
645,705 S 1st Street,1300,2 - 4,Hotpads.com,Recently Updated,Champaign,2,4,1300,1300,1300
646,Locust III,1040,4,Hotpads.com,Recently Updated,Champaign,4,4,1040,1040,1040
647,The Dean Campustown,709,-4,Hotpads.com,Recently Updated,Champaign,,4,709,709,709
648,Crowwood Pointe,935,2,Hotpads.com,Recently Updated,Champaign,2,2,935,935,935
649,Lincolnshire West,625,1 - 3,Hotpads.com,Recently Updated,Champaign,1,3,625,625,625
650,101 E Green St,1128,2 - 4,Hotpads.com,Recently Updated,Champaign,2,4,1128,1128,1128
651,207 E Green St,1576,4,Hotpads.com,Recently Updated,Champaign,4,4,1576,1576,1576
652,1006 S 3rd St,1190,2 - 3,Hotpads.com,Recently Updated,Champaign,2,3,1190,1190,1190
653,515 Bash Ct,1587,3,Hotpads.com,Recently Updated,Champaign,3,3,1587,1587,1587
654,309 E Daniel St,1407,3 - 4,Hotpads.com,Recently Updated,Champaign,3,4,1407,1407,1407
655,311 E Daniel St,1407,3 - 4,Hotpads.com,Recently Updated,Champaign,3,4,1407,1407,1407
656,803 W Green St,968,2,Hotpads.com,Recently Updated,Champaign,2,2,968,968,968
657,903 S 4th St,948,2,Hotpads.com,Recently Updated,Champaign,2,2,948,948,948
658,909 S 3rd St,1227,3 - 5,Hotpads.com,Recently Updated,Champaign,3,5,1227,1227,1227
659,Windcrest Apartments,395,-2,Hotpads.com,Recently Updated,Champaign,,2,395,395,395
660,Baytowne Apartments LLC,985,1 - 2,Hotpads.com,Recently Updated,Champaign,1,2,985,985,985
661,Westgate Apartments LLC,590,1 - 2,Hotpads.com,Recently Updated,Champaign,1,2,590,590,590
662,The Legends,980,1 - 3,Hotpads.com,Recently Updated,Champaign,1,3,980,980,980
663,Watersedge Apartments,875,1 - 3,Hotpads.com,Recently Updated,Champaign,1,3,875,875,875
664,520 Neil,1595,2,Hotpads.com,Recently Updated,Champaign,2,2,1595,1595,1595
665,705 S 1st Street,1300,2 - 4,Hotpads.com,Recently Updated,Champaign,2,4,1300,1300,1300
666,Locust III,1040,4,Hotpads.com,Recently Updated,Champaign,4,4,1040,1040,1040
667,The Dean Campustown,709,-4,Hotpads.com,Recently Updated,Champaign,,4,709,709,709
668,Crowwood Pointe,935,2,Hotpads.com,Recently Updated,Champaign,2,2,935,935,935
669,Lincolnshire West,625,1 - 3,Hotpads.com,Recently Updated,Champaign,1,3,625,625,625
670,101 E Green St,1128,2 - 4,Hotpads.com,Recently Updated,Champaign,2,4,1128,1128,1128
671,207 E Green St,1576,4,Hotpads.com,Recently Updated,Champaign,4,4,1576,1576,1576
672,109 E John St,1647,3,Hotpads.com,Recently Updated,Champaign,3,3,1647,1647,1647
673,506 W. White,550,1,Hotpads.com,Recently Updated,Champaign,1,1,550,550,550
674,1006 S 3rd St,1190,2 - 3,Hotpads.com,Recently Updated,Champaign,2,3,1190,1190,1190
675,515 Bash Ct,1587,3,Hotpads.com,Recently Updated,Champaign,3,3,1587,1587,1587
676,311 E Daniel St,1407,3 - 4,Hotpads.com,Recently Updated,Champaign,3,4,1407,1407,1407
677,504 E White St,584,,Hotpads.com,Recently Updated,Champaign,,,584,584,584
678,614 S 4th St,1118,2,Hotpads.com,Recently Updated,Champaign,2,2,1118,1118,1118
679,Windcrest Apartments,395,-2,Hotpads.com,Recently Updated,Champaign,,2,395,395,395
680,Baytowne Apartments LLC,985,1 - 2,Hotpads.com,Recently Updated,Champaign,1,2,985,985,985
681,Westgate Apartments LLC,590,1 - 2,Hotpads.com,Recently Updated,Champaign,1,2,590,590,590
682,The Legends,980,1 - 3,Hotpads.com,Recently Updated,Champaign,1,3,980,980,980
683,Watersedge Apartments,875,1 - 3,Hotpads.com,Recently Updated,Champaign,1,3,875,875,875
684,520 Neil,1595,2,Hotpads.com,Recently Updated,Champaign,2,2,1595,1595,1595
685,705 S 1st Street,1300,2 - 4,Hotpads.com,Recently Updated,Champaign,2,4,1300,1300,1300
686,Locust III,1040,4,Hotpads.com,Recently Updated,Champaign,4,4,1040,1040,1040
687,The Dean Campustown,709,-4,Hotpads.com,Recently Updated,Champaign,,4,709,709,709
688,Crowwood Pointe,935,2,Hotpads.com,Recently Updated,Champaign,2,2,935,935,935
689,Lincolnshire West,625,1 - 3,Hotpads.com,Recently Updated,Champaign,1,3,625,625,625
690,101 E Green St,1128,2 - 4,Hotpads.com,Recently Updated,Champaign,2,4,1128,1128,1128
691,207 E Green St,1576,4,Hotpads.com,Recently Updated,Champaign,4,4,1576,1576,1576
692,109 E John St,1647,3,Hotpads.com,Recently Updated,Champaign,3,3,1647,1647,1647
693,506 W. White,550,1,Hotpads.com,Recently Updated,Champaign,1,1,550,550,550
694,1006 S 3rd St,1190,2 - 3,Hotpads.com,Recently Updated,Champaign,2,3,1190,1190,1190
695,515 Bash Ct,1587,3,Hotpads.com,Recently Updated,Champaign,3,3,1587,1587,1587
696,305 W Green St,1482,3,Hotpads.com,Recently Updated,Champaign,3,3,1482,1482,1482
697,309 E Daniel St,1407,3 - 4,Hotpads.com,Recently Updated,Champaign,3,4,1407,1407,1407
698,311 E Daniel St,1407,3 - 4,Hotpads.com,Recently Updated,Champaign,3,4,1407,1407,1407
699,The Dean Campustown,709,-4,Hotpads.com,Recently Updated,Champaign,,4,709,709,709
700,705 S 1st Street,1300,2 - 4,Hotpads.com,Recently Updated,Champaign,2,4,1300,1300,1300
701,Lincolnshire West,625,1 - 3,Hotpads.com,Recently Updated,Champaign,1,3,625,625,625
702,Westgate Apartments LLC,590,1 - 2,Hotpads.com,Recently Updated,Champaign,1,2,590,590,590
703,The Legends,980,1 - 3,Hotpads.com,Recently Updated,Champaign,1,3,980,980,980
704,Baytowne Apartments LLC,985,1 - 2,Hotpads.com,Recently Updated,Champaign,1,2,985,985,985
705,520 Neil,1595,2,Hotpads.com,Recently Updated,Champaign,2,2,1595,1595,1595
706,Windcrest Apartments,395,-2,Hotpads.com,Recently Updated,Champaign,,2,395,395,395
707,2401 Clayton Blvd,735,-1,Hotpads.com,Recently Updated,Champaign,,1,735,735,735
708,Watersedge Apartments,875,1 - 3,Hotpads.com,Recently Updated,Champaign,1,3,875,875,875
709,217 South,1295,1 - 2,Hotpads.com,Recently Updated,Champaign,1,2,1295,1295,1295
710,1617 S Mattis Ave,1000,4,Hotpads.com,Recently Updated,Champaign,4,4,1000,1000,1000
711,1317 Frederick St #WEST,1000,2,Hotpads.com,Recently Updated,Champaign,2,2,1000,1000,1000
712,305 West Washington Street - 1,850,2,Hotpads.com,Recently Updated,Champaign,2,2,850,850,850
713,2708 Judith Dr,950,3,Hotpads.com,Recently Updated,Champaign,3,3,950,950,950
714,"2 bed, 911 sqft, $855",855,2,Hotpads.com,Recently Updated,Champaign,2,2,855,855,855
715,1313 Hollycrest Dr,950,3,Hotpads.com,Recently Updated,Champaign,3,3,950,950,950
716,704 W White St,610,1,Hotpads.com,Recently Updated,Champaign,1,1,610,610,610
717,404 E Stoughton St,1190,2 - 3,Hotpads.com,Recently Updated,Champaign,2,3,1190,1190,1190
718,1806 Park Haven Dr,1650,3,Hotpads.com,Recently Updated,Champaign,3,3,1650,1650,1650